user_id,avg_decision_time,hint_count,hint_dependency,risk_ratio,exploration_score,retry_rate,puzzle_success_rate,hidden_discovery_ratio,choice_count,confidence_wager_avg,confidence_wager_variance,resource_efficiency,recovery_index,pattern_switch_rate,information_gain,event_count,confidence,curiosity,emotional_safety,exploratory_power
SYN0000,4.856,0,0.0,0.242,18,0.148,0.714,0.027,15,1.988,2.924,1.376,0.192,0.34,9.359,22,5.62,6.75,5.9,8.47
SYN0001,2.419,0,0.0,0.569,12,0.981,0.765,0.101,15,2.78,2.861,0.971,0.619,0.648,7.781,17,5.2,5.38,6.58,6.84
SYN0002,6.715,8,1.143,0.425,2,1.369,0.378,0.499,7,8.847,2.893,0.471,0.277,0.428,10.446,23,4.23,8.32,6.48,4.9
SYN0003,1.006,1,0.167,0.588,13,1.013,0.522,0.68,6,1.146,3.982,1.839,0.797,0.003,12.843,20,6.03,7.05,6.91,7.98
SYN0004,4.764,8,0.615,0.501,17,1.561,0.855,0.985,13,8.068,1.078,0.692,0.421,0.978,18.407,16,5.91,10.0,6.61,10.0
SYN0005,6.371,6,0.857,0.636,12,0.745,0.749,0.588,7,2.301,0.991,0.31,0.28,0.071,12.218,33,3.37,8.3,5.9,6.55
SYN0006,4.445,3,0.188,0.734,12,0.72,0.443,0.098,16,4.026,1.527,2.089,0.417,0.279,10.755,14,4.32,7.09,6.43,6.72
SYN0007,7.195,0,0.0,0.427,2,0.28,0.31,0.662,5,4.867,0.855,0.64,0.574,0.05,5.549,28,4.26,5.48,7.54,4.56
SYN0008,4.568,3,0.3,0.356,20,0.139,0.75,0.67,10,3.142,1.195,0.444,0.967,0.563,13.4,29,5.26,9.41,8.3,9.85
SYN0009,6.415,5,0.625,0.192,21,0.899,0.845,0.211,8,3.429,3.094,2.069,0.456,0.044,16.204,16,5.0,9.21,6.51,9.03
SYN0010,3.48,0,0.0,0.093,5,0.731,0.05,0.04,5,3.578,3.069,1.651,0.2,0.749,6.581,19,4.95,3.12,6.0,3.83
SYN0011,0.861,5,0.312,0.808,4,0.65,0.378,0.35,16,8.205,3.921,0.652,0.753,0.773,8.241,28,5.05,7.08,4.56,4.95
SYN0012,1.45,4,0.667,0.851,12,1.239,0.464,0.577,6,2.547,3.19,0.154,0.56,0.07,11.476,22,3.91,7.25,5.98,8.23
SYN0013,3.996,6,0.667,0.665,13,1.151,0.508,0.655,9,4.65,1.99,0.631,0.828,0.633,13.575,19,4.33,8.58,6.82,8.6
SYN0014,2.291,7,0.538,0.612,16,0.679,0.127,0.885,13,7.784,0.985,1.959,0.616,0.121,17.929,26,5.15,9.16,6.32,9.01
SYN0015,6.494,9,0.6,0.292,21,0.471,0.839,0.714,15,2.345,1.511,2.159,0.287,0.214,21.43,22,4.88,10.0,7.1,10.0
SYN0016,6.581,9,0.6,0.086,12,0.508,0.279,0.735,15,7.999,4.04,1.249,0.472,0.798,17.414,26,5.47,9.56,4.47,8.64
SYN0017,4.547,0,0.0,0.577,13,0.556,0.86,0.04,5,0.31,1.113,2.038,0.622,0.948,9.188,20,5.48,5.36,6.86,6.76
SYN0018,1.444,2,0.25,0.283,4,1.185,0.264,0.566,8,0.411,2.397,1.638,0.802,0.49,8.708,23,3.79,4.86,7.24,4.9
SYN0019,5.47,4,0.308,0.674,24,1.007,0.507,0.57,13,6.682,1.514,1.262,0.529,0.28,17.519,20,4.37,10.0,6.75,10.0
SYN0020,3.342,8,0.5,0.236,1,0.158,0.538,0.473,16,5.309,1.915,1.828,0.592,0.121,11.132,15,6.21,5.99,6.87,4.14
SYN0021,5.501,4,0.267,0.477,7,0.504,0.633,0.638,15,7.528,0.462,0.178,0.512,0.252,10.302,15,5.32,6.51,7.58,6.61
SYN0022,1.048,2,0.125,0.365,20,0.384,0.617,0.99,16,3.054,2.795,1.522,0.828,0.66,15.787,17,6.14,9.24,7.0,10.0
SYN0023,3.754,0,0.0,0.508,21,1.003,0.579,0.142,7,0.596,3.567,1.489,0.763,0.304,11.695,20,3.81,7.3,7.52,9.36
SYN0024,3.508,5,0.385,0.302,25,1.143,0.284,0.652,13,9.161,0.817,1.467,0.869,0.333,19.413,17,5.17,10.0,7.2,10.0
SYN0025,5.988,8,2.0,0.548,13,1.47,0.184,0.442,4,0.516,1.202,0.445,0.422,0.63,14.822,34,2.17,7.94,6.47,8.19
SYN0026,7.15,1,0.091,0.364,14,1.419,0.302,0.276,11,7.9,1.867,2.252,0.679,0.587,12.755,27,4.68,6.39,7.39,8.06
SYN0027,5.659,6,0.545,0.46,16,1.199,0.649,0.981,11,4.953,0.167,1.28,0.573,0.722,17.222,32,4.86,10.0,7.66,9.86
SYN0028,4.751,6,0.429,0.144,11,1.066,0.751,0.287,14,2.275,0.407,2.351,0.896,0.299,13.176,22,5.45,7.67,7.02,7.27
SYN0029,4.153,9,0.643,0.158,19,0.243,0.338,0.678,14,1.58,1.988,0.928,0.632,0.845,18.198,24,4.3,10.0,6.0,10.0
SYN0030,2.623,4,1.0,0.266,2,1.548,0.83,0.219,4,1.901,1.128,1.85,0.877,0.627,7.342,26,5.95,4.91,8.21,5.09
SYN0031,2.824,6,1.0,0.302,6,0.437,0.549,0.339,6,1.152,4.333,0.467,0.738,0.014,9.785,26,3.83,7.12,6.3,5.8
SYN0032,4.851,5,1.0,0.515,11,1.556,0.212,0.302,5,4.083,0.629,2.279,0.745,0.136,13.365,33,4.65,7.0,7.38,6.83
SYN0033,5.423,6,0.429,0.251,2,1.173,0.589,0.981,14,3.673,4.058,1.601,0.362,0.971,11.593,22,4.32,7.69,6.02,6.15
SYN0034,5.674,3,0.231,0.397,20,0.005,0.569,0.026,13,0.149,3.555,0.685,0.823,0.526,12.477,27,3.46,8.23,6.73,8.78
SYN0035,2.14,9,2.25,0.527,21,1.639,0.295,0.49,4,9.097,0.331,0.332,0.731,0.548,17.551,31,4.5,8.86,6.94,10.0
SYN0036,5.262,8,0.533,0.702,5,1.168,0.846,0.745,15,3.726,0.586,0.285,0.343,0.423,13.071,13,5.11,8.27,5.48,6.88
SYN0037,2.083,7,1.0,0.628,14,1.437,0.941,0.829,7,2.674,0.812,1.731,0.946,0.566,17.18,16,6.08,8.13,8.05,9.69
SYN0038,3.145,7,0.778,0.35,20,0.144,0.183,0.272,9,6.619,2.185,1.145,0.707,0.283,16.853,27,4.98,9.9,7.58,10.0
SYN0039,1.056,3,0.375,0.828,14,0.299,0.509,0.806,8,0.721,3.878,0.245,0.096,0.418,11.426,12,5.06,8.01,5.08,8.45
SYN0040,5.182,5,1.0,0.477,3,0.673,0.577,0.51,5,1.14,2.295,2.188,0.244,0.236,10.386,18,4.85,6.23,7.48,4.84
SYN0041,6.883,7,0.636,0.652,19,1.093,0.458,0.591,11,3.519,0.334,1.189,0.251,0.977,16.584,31,3.05,10.0,5.52,10.0
SYN0042,6.523,7,0.438,0.463,2,0.766,0.619,0.524,16,6.098,1.638,2.215,0.393,0.33,12.411,24,5.24,8.01,7.16,4.17
SYN0043,6.376,5,1.0,0.602,23,1.126,0.686,0.643,5,3.285,0.575,1.731,0.79,0.018,18.217,18,4.08,10.0,8.25,10.0
SYN0044,1.707,4,0.25,0.109,2,1.125,0.74,0.181,16,6.928,2.811,2.181,0.3,0.234,8.118,27,7.38,5.17,5.86,3.42
SYN0045,3.564,4,0.25,0.554,12,0.943,0.175,0.905,16,1.473,1.969,2.279,0.46,0.053,15.684,19,4.05,8.75,7.53,8.85
SYN0046,1.344,5,0.312,0.699,3,0.032,0.454,0.238,16,1.218,1.073,1.588,0.585,0.575,9.602,21,5.23,6.36,6.76,5.28
SYN0047,5.018,1,0.083,0.549,21,0.658,0.595,0.241,12,6.571,0.466,1.459,0.366,0.685,14.039,27,5.02,7.32,7.79,10.0
SYN0048,3.675,4,0.571,0.462,17,0.677,0.956,0.286,7,8.621,0.215,1.625,0.441,0.44,15.003,22,7.92,8.42,6.46,8.94
SYN0049,4.075,1,0.067,0.549,11,1.124,0.513,0.352,15,0.424,3.915,0.943,0.289,0.679,9.869,16,3.97,5.55,6.05,7.24
SYN0050,2.234,5,0.556,0.362,12,0.632,0.693,0.65,9,2.496,0.511,1.805,0.5,0.26,14.479,31,5.84,9.59,7.14,8.05
SYN0051,6.243,7,1.167,0.262,18,0.494,0.332,0.174,6,3.615,1.009,2.367,0.49,0.983,16.307,14,4.95,9.09,7.08,8.98
SYN0052,3.37,6,0.462,0.147,22,0.88,0.305,0.768,13,1.29,2.263,2.103,0.826,0.935,19.436,28,5.17,10.0,7.03,10.0
SYN0053,4.28,2,0.143,0.367,19,0.262,0.589,0.564,14,8.252,0.128,0.252,0.523,0.417,12.773,27,6.19,7.93,6.53,9.33
SYN0054,2.292,6,0.75,0.661,15,0.347,0.482,0.861,8,9.754,0.588,0.984,0.593,0.248,15.205,21,7.64,9.18,5.57,9.86
SYN0055,6.565,5,0.385,0.783,15,0.848,0.562,0.495,13,8.823,2.944,1.209,0.601,0.728,14.773,23,5.34,8.84,5.68,8.76
SYN0056,2.576,6,0.5,0.271,20,0.202,0.864,0.5,12,0.453,0.617,0.899,0.457,0.328,16.597,17,5.25,10.0,6.92,9.57
SYN0057,3.998,8,0.667,0.486,11,1.145,0.741,0.783,12,7.762,2.599,1.773,0.504,0.841,16.053,33,6.37,10.0,7.47,8.28
SYN0058,3.567,6,1.0,0.43,16,1.484,0.451,0.525,6,3.138,0.779,2.202,0.275,0.643,17.313,31,3.67,9.17,7.47,9.85
SYN0059,6.82,4,0.25,0.265,12,0.953,0.429,0.395,16,3.451,3.479,0.48,0.482,0.656,11.383,18,3.25,8.13,6.78,7.29
SYN0060,1.592,9,0.6,0.435,21,0.396,0.317,0.137,15,9.645,4.401,0.505,0.638,0.756,16.245,21,5.39,9.9,7.29,10.0
SYN0061,4.178,0,0.0,0.249,6,1.592,0.609,0.851,6,4.68,0.868,0.403,0.474,0.737,8.198,30,4.11,5.26,5.76,6.08
SYN0062,3.336,6,0.5,0.663,16,0.55,0.61,0.954,12,3.019,3.253,0.176,0.9,0.307,15.443,28,5.55,9.49,6.56,8.95
SYN0063,4.852,4,0.444,0.755,24,1.681,0.301,0.762,9,6.803,2.681,1.922,0.637,0.112,19.827,28,4.66,10.0,7.13,10.0
SYN0064,3.572,3,0.2,0.518,15,0.224,0.491,0.308,15,0.218,1.145,0.157,0.409,0.541,9.462,14,4.54,7.34,6.59,8.27
SYN0065,1.58,6,0.667,0.769,22,1.487,0.639,0.393,9,1.273,4.404,2.028,0.707,0.424,18.087,19,5.1,10.0,6.03,10.0
SYN0066,5.413,1,0.25,0.522,1,0.409,0.283,0.872,4,2.447,0.199,1.138,0.512,0.818,6.971,16,4.36,4.95,6.86,5.42
SYN0067,4.319,9,0.6,0.351,11,1.184,0.735,0.241,15,2.253,3.859,0.475,0.572,0.53,13.059,20,4.32,9.71,7.29,6.71
SYN0068,1.301,3,0.75,0.301,7,1.368,0.78,0.907,4,3.032,4.09,0.627,0.21,0.914,11.04,34,5.56,7.97,5.0,7.03
SYN0069,3.174,8,0.571,0.395,4,1.365,0.776,0.313,14,0.457,3.888,1.818,0.087,0.295,11.593,19,4.21,8.17,5.88,5.14
SYN0070,5.152,4,0.25,0.609,6,1.246,0.465,0.889,16,9.903,4.308,1.329,0.821,0.456,10.94,32,4.83,6.61,6.21,6.72
SYN0071,0.743,8,0.8,0.12,1,0.854,0.807,0.252,10,3.544,3.577,0.328,0.511,0.081,9.712,32,5.95,6.35,5.0,4.34
SYN0072,1.065,0,0.0,0.309,19,1.661,0.733,0.658,15,1.794,3.827,0.185,0.177,0.929,10.92,30,4.64,8.56,4.88,10.0
SYN0073,2.856,2,0.125,0.8,3,0.579,0.762,0.03,16,2.733,4.467,1.254,0.498,0.661,4.736,31,5.39,4.69,5.8,4.17
SYN0074,3.17,2,0.133,0.7,15,0.612,0.665,0.555,15,4.08,0.118,0.946,0.34,0.292,11.703,14,5.47,6.95,6.5,8.39
SYN0075,4.087,6,1.0,0.257,14,0.469,0.551,0.721,6,4.958,2.775,1.18,0.555,0.44,15.266,32,5.64,8.76,6.17,9.98
SYN0076,2.006,5,0.833,0.366,8,0.554,0.537,0.2,6,9.973,0.81,1.877,0.063,0.069,12.061,25,7.3,6.52,6.75,6.23
SYN0077,1.702,6,0.375,0.363,18,0.861,0.676,0.537,16,6.382,0.382,1.88,0.684,0.966,17.062,12,7.14,10.0,7.65,9.56
SYN0078,5.17,3,0.273,0.32,5,0.586,0.798,0.142,11,3.119,2.049,0.615,0.567,0.319,6.179,34,5.54,5.91,6.37,3.99
SYN0079,1.768,3,0.25,0.259,8,1.356,0.539,0.737,12,8.831,2.023,1.116,0.227,0.8,11.091,23,6.05,7.48,6.24,8.2
SYN0080,4.13,5,0.385,0.672,15,1.05,0.829,0.085,13,1.339,0.53,0.837,0.33,0.138,11.657,17,4.16,8.02,7.17,6.95
SYN0081,1.826,2,0.182,0.192,12,1.618,0.634,0.653,11,4.091,2.213,1.748,0.466,0.221,11.397,19,5.39,7.14,5.84,7.92
SYN0082,5.678,8,0.667,0.137,12,0.921,0.734,0.425,12,7.36,2.942,0.707,0.738,0.117,14.792,18,5.49,8.6,5.71,8.22
SYN0083,4.813,2,0.154,0.405,12,0.905,0.576,0.514,13,9.002,3.668,0.455,0.923,0.656,10.344,16,5.23,7.71,7.59,6.95
SYN0084,5.096,7,1.167,0.565,21,1.351,0.556,0.877,6,4.547,2.196,1.459,0.932,0.635,20.286,14,4.67,10.0,8.57,10.0
SYN0085,3.916,5,0.625,0.357,11,1.52,0.957,0.158,8,4.565,4.463,1.113,0.934,0.082,11.475,32,5.51,7.84,6.8,7.26
SYN0086,2.222,1,0.067,0.49,17,1.156,0.046,0.422,15,1.322,0.319,1.012,0.702,0.753,10.743,33,3.77,7.78,8.21,8.99
SYN0087,3.561,3,0.214,0.565,7,0.147,0.257,0.963,14,3.145,0.629,0.773,0.193,0.779,11.483,33,4.69,6.93,6.2,7.14
SYN0088,3.246,0,0.0,0.751,16,1.085,0.846,0.316,16,3.868,3.775,1.097,0.582,0.073,10.345,12,5.51,6.76,6.71,8.3
SYN0089,3.993,8,0.5,0.724,20,0.26,0.078,0.155,16,3.268,2.639,1.867,0.73,0.953,17.177,19,4.86,10.0,6.26,10.0
SYN0090,2.71,2,0.4,0.101,24,0.441,0.235,0.118,5,8.999,1.508,1.116,0.554,0.055,14.58,17,5.67,8.98,6.57,10.0
SYN0091,5.398,3,0.2,0.498,5,0.304,0.648,0.248,15,9.159,1.44,2.008,0.748,0.046,8.936,26,7.19,5.02,7.89,5.03
SYN0092,3.669,5,0.714,0.249,12,1.006,0.76,0.76,7,2.451,0.029,1.073,0.177,0.951,12.865,33,4.56,8.98,6.07,8.89
SYN0093,7.09,6,0.545,0.627,17,0.702,0.697,0.394,11,5.919,0.28,1.64,0.121,0.393,16.605,22,4.94,9.85,6.74,9.38
SYN0094,5.77,9,1.8,0.282,18,0.609,0.731,0.09,5,8.076,1.369,1.736,0.458,0.396,16.23,21,6.08,10.0,7.45,9.05
SYN0095,3.639,8,1.143,0.521,8,0.222,0.679,0.582,7,2.588,3.657,0.199,0.231,0.905,13.207,22,5.62,8.77,7.12,7.59
SYN0096,3.516,6,0.545,0.235,6,0.467,0.472,0.647,11,4.989,3.973,1.228,0.278,0.797,11.588,29,5.59,6.17,5.97,6.12
SYN0097,4.239,7,0.778,0.514,25,0.478,0.801,0.233,9,1.596,1.115,0.693,0.399,0.948,17.685,24,4.46,10.0,7.06,10.0
SYN0098,4.551,5,0.385,0.106,16,0.922,0.778,0.332,13,6.141,3.629,0.917,0.595,0.142,12.594,28,6.19,7.57,4.92,9.12
SYN0099,3.271,1,0.111,0.579,21,1.633,0.798,0.175,9,3.068,3.098,0.437,0.943,0.921,12.199,19,4.49,7.55,6.61,9.87
SYN0100,1.206,5,0.556,0.56,21,1.24,0.497,0.72,9,0.481,1.972,1.094,0.394,0.789,17.417,33,4.74,10.0,6.9,10.0
SYN0101,0.831,4,0.8,0.232,18,1.601,0.584,0.434,5,0.536,1.49,2.342,0.386,0.096,15.84,29,5.58,8.48,6.59,9.66
SYN0102,2.615,9,0.818,0.573,10,1.334,0.703,0.388,11,3.71,1.717,0.57,0.285,0.564,12.917,34,4.95,8.61,6.11,7.67
SYN0103,7.01,9,1.286,0.322,18,1.168,0.487,0.035,7,5.712,2.326,1.436,0.258,0.823,15.766,31,4.07,10.0,6.9,9.04
SYN0104,3.223,6,0.5,0.403,23,1.059,0.634,0.588,12,7.584,4.228,2.231,0.703,0.344,19.66,24,6.0,10.0,7.19,10.0
SYN0105,3.319,9,0.692,0.632,23,0.404,0.806,0.696,13,0.982,3.91,0.452,0.706,0.824,20.271,28,5.45,10.0,5.99,10.0
SYN0106,2.722,8,0.8,0.412,2,0.424,0.416,0.824,10,5.051,2.859,0.429,0.118,0.87,11.755,23,4.67,8.48,6.37,6.85
SYN0107,1.288,0,0.0,0.261,7,0.457,0.335,0.009,10,9.115,2.913,1.503,0.09,0.349,5.507,26,6.65,4.9,5.73,4.38
SYN0108,0.748,5,0.417,0.664,3,0.572,0.596,0.952,12,6.515,0.848,1.314,0.168,0.404,11.312,16,6.79,6.47,6.59,5.98
SYN0109,3.421,6,0.4,0.116,24,1.213,0.679,0.358,15,3.002,0.765,1.63,0.588,0.725,18.498,17,6.16,10.0,6.2,10.0
SYN0110,2.152,4,0.4,0.761,4,0.8,0.855,0.854,10,1.374,0.901,1.071,0.602,0.716,11.227,27,5.07,8.14,6.21,6.47
SYN0111,3.638,3,0.188,0.808,25,0.15,0.683,0.383,16,0.377,0.897,0.989,0.064,0.249,16.218,23,4.95,9.91,4.93,10.0
SYN0112,1.124,0,0.0,0.523,5,0.583,0.573,0.131,8,7.341,2.654,0.53,0.866,0.256,4.422,13,6.35,3.99,8.06,4.95
SYN0113,1.014,1,0.1,0.586,7,1.182,0.536,0.27,10,6.056,0.617,2.019,0.551,0.106,7.96,18,6.69,4.31,7.79,5.26
SYN0114,3.363,2,0.5,0.404,8,0.005,0.413,0.149,4,0.901,2.303,1.778,0.42,0.296,8.754,15,5.45,4.71,7.72,5.24
SYN0115,5.099,6,0.4,0.438,11,0.608,0.601,0.272,15,3.857,3.828,1.95,0.855,0.059,14.521,17,5.9,8.84,7.21,7.08
SYN0116,3.548,9,0.9,0.414,24,1.655,0.644,0.046,10,2.616,1.414,1.735,0.594,0.978,19.689,22,4.11,10.0,7.32,10.0
SYN0117,5.423,7,0.778,0.764,20,0.093,0.382,0.869,9,0.749,2.212,0.692,0.425,0.459,18.951,26,4.12,10.0,5.33,10.0
SYN0118,5.544,0,0.0,0.401,20,1.637,0.604,0.456,5,3.409,3.714,1.987,0.561,0.453,12.71,33,4.28,8.11,7.94,8.63
SYN0119,2.598,8,0.889,0.191,4,0.432,0.495,0.047,9,6.332,3.025,0.427,0.43,0.433,9.245,28,5.83,5.52,5.74,4.28
SYN0120,5.999,1,0.1,0.657,14,1.665,0.721,0.7,10,7.484,1.345,1.728,0.884,0.291,12.312,33,5.68,7.92,7.65,8.4
SYN0121,4.226,5,0.333,0.24,22,1.207,0.64,0.422,15,0.128,0.479,1.007,0.375,0.453,16.498,33,3.89,8.98,6.35,9.96
SYN0122,2.244,4,0.267,0.627,22,0.532,0.745,0.781,15,8.701,3.735,2.201,0.485,0.603,19.449,18,7.53,10.0,6.66,10.0
SYN0123,1.83,8,1.6,0.383,19,1.438,0.042,0.843,5,3.012,3.555,1.388,0.209,0.521,20.172,17,3.3,10.0,6.89,10.0
SYN0124,2.087,5,0.556,0.275,18,1.4,0.585,0.683,9,3.209,4.122,2.276,0.616,0.822,17.448,28,5.34,9.82,7.14,10.0
SYN0125,4.04,1,0.167,0.66,7,1.47,0.509,0.976,6,7.752,2.91,2.264,0.315,0.575,11.356,20,5.39,6.8,6.36,7.44
SYN0126,3.232,1,0.083,0.185,2,1.191,0.575,0.301,12,0.865,3.444,1.135,0.495,0.136,5.287,29,4.07,4.92,5.77,4.84
SYN0127,6.975,5,1.25,0.457,3,0.518,0.777,0.646,4,5.126,0.724,0.647,0.145,0.932,10.511,26,4.63,5.64,6.61,5.46
SYN0128,1.983,9,0.818,0.684,7,0.54,0.667,0.566,11,3.645,1.423,1.114,0.404,0.134,14.621,27,5.59,8.82,6.15,7.11
SYN0129,1.843,9,1.8,0.852,9,1.247,0.319,0.632,5,8.126,2.605,1.881,0.371,0.149,16.059,30,6.02,7.36,5.34,7.43
SYN0130,3.279,8,2.0,0.389,6,1.287,0.308,0.872,4,1.462,3.294,2.263,0.295,0.234,16.408,28,4.65,6.75,6.67,7.12
SYN0131,1.002,5,1.0,0.394,9,0.984,0.677,0.898,5,0.778,1.132,2.339,0.202,0.007,16.141,26,6.19,8.15,7.15,7.37
SYN0132,1.915,5,0.385,0.738,24,0.193,0.607,0.411,13,2.437,0.575,1.483,0.528,0.517,17.463,30,5.47,9.59,6.32,10.0
SYN0133,6.857,3,0.273,0.546,14,1.021,0.871,0.265,11,7.242,1.542,1.17,0.657,0.202,12.179,28,5.05,6.56,7.06,7.45
SYN0134,6.56,9,2.25,0.602,2,1.186,0.546,0.351,4,8.046,4.085,2.034,0.73,0.91,11.77,31,5.31,4.85,7.32,5.89
SYN0135,5.831,9,0.75,0.658,5,0.724,0.593,0.612,12,9.918,1.789,0.608,0.772,0.484,13.857,30,5.1,9.13,6.65,5.28
SYN0136,4.985,3,0.273,0.85,11,1.361,0.911,0.636,11,8.044,3.705,1.211,0.735,0.609,12.362,24,5.47,7.05,5.61,7.15
SYN0137,6.847,2,0.143,0.271,17,0.486,0.186,0.169,14,0.361,1.077,0.151,0.173,0.395,10.086,28,2.78,7.31,6.41,7.9
SYN0138,5.42,8,0.615,0.517,7,0.773,0.342,0.34,13,1.17,2.31,0.73,0.715,0.377,11.847,19,3.26,6.79,6.79,6.19
SYN0139,4.514,0,0.0,0.187,22,1.192,0.798,0.701,11,2.633,1.293,1.048,0.652,0.314,13.357,30,4.68,9.57,6.1,9.65
SYN0140,3.943,3,0.429,0.761,8,1.422,0.957,0.958,7,8.48,1.67,0.86,0.766,0.183,12.135,28,6.28,7.73,6.26,7.13
SYN0141,5.895,7,0.583,0.054,15,1.66,0.823,0.325,12,6.128,1.169,1.384,0.313,0.499,14.504,34,5.02,8.75,5.25,8.78
SYN0142,4.414,9,0.643,0.441,14,1.456,0.253,0.01,14,4.215,0.605,2.16,0.718,0.251,16.791,13,3.71,9.98,8.97,8.06
SYN0143,3.798,1,0.091,0.687,9,0.585,0.411,0.577,11,6.499,2.423,2.354,0.404,0.447,10.247,31,5.9,6.87,7.05,7.09
SYN0144,5.95,5,0.5,0.74,11,1.11,0.733,0.781,10,9.388,3.366,1.322,0.685,0.744,14.593,18,5.84,8.73,7.22,8.77
SYN0145,4.265,0,0.0,0.714,5,0.143,0.452,0.527,16,1.706,0.158,0.953,0.827,0.935,6.75,16,5.21,4.67,7.0,6.35
SYN0146,4.802,9,0.9,0.593,18,0.386,0.336,0.011,10,5.233,3.412,0.457,0.3,0.755,14.531,25,4.46,8.94,6.23,8.31
SYN0147,1.926,8,0.8,0.3,13,0.375,0.267,0.613,10,6.939,1.223,1.609,0.756,0.137,15.771,26,5.85,9.25,7.16,8.05
SYN0148,0.826,0,0.0,0.159,15,1.236,0.424,0.312,12,7.995,4.491,1.193,0.464,0.056,10.506,14,5.64,6.38,5.92,7.48
SYN0149,3.18,0,0.0,0.557,7,0.783,0.608,0.323,5,6.292,0.19,2.259,0.462,0.888,9.305,18,6.81,5.03,7.37,6.18
SYN0150,5.864,9,1.8,0.325,5,0.631,0.628,0.931,5,9.97,2.813,0.284,0.773,0.789,14.201,26,5.46,7.27,6.3,7.61
SYN0151,2.33,0,0.0,0.575,19,0.317,0.638,0.914,11,5.545,0.31,0.499,0.336,0.186,11.848,23,6.09,7.68,6.34,9.25
SYN0152,4.203,6,0.857,0.465,11,0.697,0.388,0.49,7,6.24,2.656,0.26,0.894,0.656,12.87,14,3.94,8.15,7.0,8.28
SYN0153,6.488,5,0.312,0.714,3,1.419,0.263,0.231,16,3.853,0.869,1.628,0.541,0.746,9.738,30,2.97,6.5,6.12,4.0
SYN0154,1.784,2,0.167,0.635,15,1.587,0.694,0.375,12,5.502,3.351,0.96,0.768,0.007,12.281,18,5.68,7.31,7.04,7.26
SYN0155,2.494,8,0.667,0.584,12,1.512,0.562,0.569,12,2.174,0.347,0.881,0.338,0.334,15.807,25,3.68,10.0,6.83,7.83
SYN0156,4.943,9,2.25,0.843,11,0.918,0.227,0.446,4,5.951,2.271,0.65,0.694,0.571,13.437,24,3.9,7.43,5.19,7.88
SYN0157,5.653,7,0.583,0.27,24,0.891,0.469,0.576,12,1.125,1.861,0.972,0.259,0.169,18.667,26,3.14,10.0,6.65,10.0
SYN0158,5.155,2,0.125,0.556,10,0.023,0.697,0.209,16,5.38,0.917,1.327,0.345,0.043,8.443,21,6.11,6.76,6.84,6.58
SYN0159,6.844,1,0.1,0.795,21,0.657,0.687,0.088,10,1.989,4.351,1.412,0.931,0.355,11.833,28,3.9,7.76,6.12,9.75
SYN0160,7.2,0,0.0,0.623,17,1.633,0.783,0.153,12,9.705,4.094,0.891,0.799,0.8,10.337,21,4.4,5.57,6.99,8.22
SYN0161,6.609,2,0.143,0.85,24,0.201,0.329,0.88,14,4.14,1.851,1.147,0.277,0.567,16.445,19,4.06,10.0,6.24,10.0
SYN0162,1.572,9,0.818,0.379,5,0.278,0.313,0.205,11,1.771,4.296,1.138,0.323,0.428,12.476,31,4.74,7.22,6.16,6.04
SYN0163,5.526,9,0.75,0.331,15,0.777,0.88,0.984,12,0.393,1.743,1.872,0.322,0.166,19.589,13,4.6,10.0,6.38,9.97
SYN0164,1.288,8,1.6,0.335,1,0.304,0.79,0.25,5,6.917,4.082,1.942,0.345,0.384,11.683,28,7.39,5.35,6.52,4.28
SYN0165,1.811,5,0.385,0.857,25,1.21,0.349,0.626,13,1.176,0.592,0.606,0.631,0.544,16.551,27,4.05,10.0,5.22,10.0
SYN0166,1.216,9,2.25,0.279,7,0.083,0.805,0.667,4,8.38,1.343,2.221,0.365,0.611,16.614,31,7.99,6.59,7.82,7.07
SYN0167,3.041,0,0.0,0.366,25,0.726,0.824,0.274,5,5.271,2.361,1.716,0.448,0.987,14.289,34,5.96,7.82,7.16,10.0
SYN0168,6.211,4,0.333,0.521,16,0.837,0.261,0.002,12,0.24,2.815,0.415,0.824,0.638,9.536,18,2.22,7.12,7.57,7.97
SYN0169,4.275,0,0.0,0.46,1,1.414,0.406,0.136,5,1.554,2.073,2.097,0.939,0.565,5.589,29,3.82,3.47,8.07,2.84
SYN0170,6.472,5,1.0,0.098,19,1.03,0.221,0.858,5,7.098,1.222,0.345,0.629,0.202,15.045,28,3.94,9.52,5.52,10.0
SYN0171,6.704,8,1.0,0.872,15,0.659,0.234,0.333,8,8.892,0.464,1.874,0.834,0.287,16.681,26,4.69,8.89,6.58,8.74
SYN0172,6.929,8,0.667,0.203,23,1.367,0.718,0.541,12,0.507,0.13,2.182,0.495,0.705,21.846,32,4.25,10.0,6.56,10.0
SYN0173,6.013,8,1.6,0.286,15,0.165,0.298,0.947,5,1.437,4.031,0.731,0.468,0.113,17.427,17,3.08,9.7,5.61,9.22
SYN0174,3.337,1,0.111,0.614,19,0.703,0.721,0.591,9,7.843,1.959,1.921,0.459,0.931,14.547,27,7.37,8.63,6.96,10.0
SYN0175,3.594,4,0.4,0.095,13,0.557,0.8,0.581,10,7.55,3.644,1.853,0.746,0.447,13.412,22,6.64,8.98,5.8,7.2
SYN0176,6.788,5,1.0,0.518,10,0.106,0.997,0.979,5,1.097,1.27,0.22,0.421,0.406,12.699,18,4.28,7.46,6.88,8.45
SYN0177,6.709,6,1.0,0.291,16,1.118,0.144,0.695,6,9.303,2.805,1.172,0.568,0.425,14.973,27,4.21,8.76,6.33,9.32
SYN0178,4.25,5,1.25,0.604,5,1.241,0.415,0.517,4,5.234,2.745,0.702,0.504,0.539,9.9,31,4.66,6.04,6.67,5.19
SYN0179,4.032,7,0.538,0.716,20,1.274,0.923,0.169,13,0.516,4.457,1.97,0.873,0.851,16.776,16,4.68,9.75,6.57,10.0
SYN0180,4.625,9,0.6,0.189,17,1.465,0.742,0.154,15,4.959,4.471,1.883,0.3,0.734,16.99,32,4.99,10.0,6.35,9.3
SYN0181,3.796,7,0.467,0.377,17,1.479,0.135,0.962,15,6.829,0.185,2.215,0.655,0.858,19.46,20,4.84,10.0,7.36,10.0
SYN0182,5.089,3,0.2,0.565,6,0.533,0.246,0.352,15,7.253,1.134,0.227,0.547,0.217,7.518,15,4.19,5.59,6.83,5.05
SYN0183,4.967,9,0.562,0.606,21,0.771,0.916,0.996,16,2.582,3.658,0.55,0.392,0.645,19.527,29,4.85,10.0,5.43,10.0
SYN0184,5.35,1,0.25,0.288,16,0.253,0.54,0.7,4,9.046,2.586,1.31,0.315,0.54,11.692,34,6.27,7.08,5.58,8.61
SYN0185,3.033,4,0.4,0.126,11,0.137,0.457,0.039,10,3.842,0.86,1.716,0.376,0.14,10.143,30,5.84,7.28,6.38,5.55
SYN0186,3.948,7,1.75,0.177,22,1.479,0.751,0.735,4,4.889,0.086,2.191,0.522,0.821,19.848,31,6.06,10.0,6.89,10.0
SYN0187,3.931,9,1.286,0.231,24,1.153,0.431,0.836,7,7.931,3.439,1.484,0.709,0.696,22.375,26,5.4,10.0,7.26,10.0
SYN0188,4.809,6,0.375,0.233,23,1.373,0.852,0.523,16,4.12,4.221,1.524,0.16,0.627,19.144,23,4.52,10.0,6.27,10.0
SYN0189,7.049,9,1.0,0.71,21,1.121,0.259,0.969,9,4.744,0.793,1.658,0.267,0.334,22.608,26,4.21,10.0,6.57,10.0
SYN0190,5.806,7,0.583,0.158,11,0.712,0.831,0.228,12,2.371,1.857,0.6,0.624,0.609,11.329,23,4.98,8.77,5.3,6.02
SYN0191,2.014,2,0.5,0.269,11,0.374,0.269,0.906,4,5.781,2.487,0.667,0.505,0.015,11.328,19,5.34,7.92,6.71,8.83
SYN0192,6.851,9,2.25,0.432,13,0.815,0.752,0.558,4,0.124,3.293,2.287,0.219,0.48,17.685,34,3.73,7.95,6.14,7.94
SYN0193,3.714,2,0.133,0.494,21,0.002,0.514,0.297,15,7.529,3.141,1.528,0.461,0.336,14.97,28,7.09,8.24,7.39,9.74
SYN0194,3.076,9,2.25,0.376,23,1.315,0.321,0.737,4,7.523,3.92,1.731,0.776,0.504,21.662,13,5.59,10.0,6.76,10.0
SYN0195,1.498,8,0.571,0.701,22,1.607,0.936,0.458,14,0.802,4.041,0.799,0.407,0.521,18.462,21,4.48,10.0,6.19,10.0
SYN0196,3.431,0,0.0,0.653,19,0.583,0.59,0.842,8,4.453,1.368,0.447,0.807,0.456,11.793,17,5.03,7.54,7.64,9.89
SYN0197,5.204,2,0.333,0.42,9,0.628,0.303,0.148,6,4.484,4.39,1.351,0.288,0.647,8.118,21,4.76,5.59,7.31,6.05
SYN0198,5.897,7,0.778,0.56,13,1.05,0.522,0.195,9,5.264,3.516,1.876,0.153,0.958,15.62,24,4.82,9.05,5.66,7.45
SYN0199,6.605,5,0.5,0.318,10,0.586,0.431,0.888,10,7.415,1.87,1.146,0.368,0.598,13.065,21,3.83,8.53,6.93,8.0
SYN0200,6.941,6,1.2,0.091,15,1.207,0.353,0.826,5,8.346,1.368,1.408,0.535,0.893,16.399,27,4.87,8.51,6.93,9.92
SYN0201,3.905,1,0.077,0.589,21,1.166,0.925,0.582,13,1.461,2.075,1.71,0.545,0.955,13.797,21,4.41,8.21,6.38,10.0
SYN0202,1.891,1,0.077,0.385,22,1.36,0.533,0.352,13,1.437,0.616,0.783,0.839,0.832,13.462,29,3.84,7.63,6.91,10.0
SYN0203,4.282,1,0.1,0.28,16,0.592,0.7,0.523,10,9.701,0.775,0.836,0.197,0.21,12.389,25,6.14,6.61,6.97,9.02
SYN0204,5.623,0,0.0,0.221,4,1.544,0.478,0.588,7,2.0,3.018,0.216,0.44,0.352,6.195,31,2.86,5.34,6.41,5.48
SYN0205,0.791,3,0.2,0.45,23,0.807,0.567,0.835,15,9.813,1.908,1.307,0.606,0.52,17.398,23,7.19,9.48,8.1,10.0
SYN0206,1.452,4,0.364,0.506,14,0.321,0.273,0.179,11,9.987,2.212,0.387,0.816,0.401,10.752,15,6.24,6.46,7.56,7.93
SYN0207,1.994,3,0.231,0.325,25,0.989,0.358,0.476,13,6.032,1.82,1.24,0.718,0.497,16.842,16,6.22,10.0,7.55,10.0
SYN0208,0.874,2,0.2,0.639,25,0.13,0.608,0.262,10,3.436,3.869,1.38,0.572,0.376,15.082,13,6.7,9.75,6.65,9.9
SYN0209,1.767,6,1.0,0.246,16,1.122,0.679,0.507,6,3.914,2.226,2.334,0.858,0.357,16.683,33,6.43,9.33,7.51,9.33
SYN0210,5.172,4,0.8,0.48,14,0.966,0.729,0.808,5,1.001,3.038,0.906,0.639,0.363,13.832,27,3.35,7.39,8.11,9.27
SYN0211,2.092,4,1.0,0.218,3,1.22,0.742,0.531,4,4.271,1.563,0.322,0.824,0.313,7.565,20,5.02,5.02,6.61,4.53
SYN0212,0.821,8,1.333,0.537,18,1.375,0.948,0.462,6,2.404,3.359,1.872,0.696,0.267,17.82,17,6.53,10.0,7.22,9.76
SYN0213,1.947,3,0.188,0.655,21,1.54,0.853,0.278,16,5.507,2.899,0.245,0.92,0.314,12.271,14,6.05,8.26,6.21,10.0
SYN0214,1.287,2,0.286,0.117,17,0.428,0.43,0.39,7,7.484,1.062,1.101,0.457,0.49,11.974,15,6.33,8.18,5.5,7.66
SYN0215,6.416,2,0.222,0.568,20,0.059,0.93,0.672,9,2.53,1.731,1.588,0.537,0.236,15.178,12,5.97,8.58,7.58,10.0
SYN0216,1.287,3,0.375,0.139,14,1.342,0.27,0.737,8,9.265,1.497,1.1,0.704,0.729,13.37,22,5.76,8.19,7.07,9.17
SYN0217,4.796,2,0.5,0.524,6,0.424,0.592,0.594,4,4.103,4.227,1.166,0.432,0.084,8.733,24,5.62,5.08,6.83,5.44
SYN0218,6.863,8,0.571,0.795,9,1.192,0.413,0.089,14,3.679,4.263,0.414,0.557,0.714,10.434,20,2.58,8.49,5.91,6.98
SYN0219,4.601,4,0.267,0.624,10,1.659,0.592,0.647,15,0.857,2.11,2.111,0.404,0.073,13.709,13,3.99,8.08,8.39,6.37
SYN0220,6.806,9,0.6,0.439,12,0.225,0.384,0.468,15,0.896,3.196,1.124,0.481,0.903,15.091,20,2.89,9.61,7.59,8.98
SYN0221,3.893,2,0.167,0.853,2,0.799,0.67,0.495,12,4.415,4.45,1.412,0.609,0.284,8.194,28,5.48,4.53,5.28,4.27
SYN0222,7.187,0,0.0,0.568,22,0.207,0.793,0.029,12,4.602,3.185,1.23,0.51,0.044,11.696,26,4.77,8.03,6.71,7.92
SYN0223,4.4,3,0.75,0.637,3,0.678,0.234,0.121,4,4.908,1.946,1.964,0.707,0.832,7.822,27,4.38,5.08,7.23,5.26
SYN0224,1.286,6,0.375,0.342,17,0.581,0.432,0.495,16,6.296,2.361,0.804,0.517,0.128,15.931,19,5.63,9.5,7.09,9.18
SYN0225,0.993,1,0.083,0.356,9,0.604,0.953,0.463,12,7.862,3.793,0.252,0.611,0.757,7.432,20,6.66,6.71,6.59,6.29
SYN0226,1.208,9,1.125,0.736,16,0.782,0.361,0.303,8,8.131,2.775,1.704,0.141,0.188,16.268,27,6.21,8.9,5.34,8.9
SYN0227,5.835,3,0.6,0.38,6,1.534,0.702,0.45,5,2.426,1.327,2.016,0.778,0.432,10.209,27,4.35,5.54,7.54,5.71
SYN0228,3.869,7,0.583,0.433,16,0.394,0.744,0.889,12,1.169,2.802,1.604,0.743,0.469,18.084,28,5.62,10.0,7.48,10.0
SYN0229,6.176,7,1.167,0.775,22,1.109,0.695,0.086,6,4.829,0.78,0.502,0.705,0.999,15.164,20,4.08,9.54,6.59,9.39
SYN0230,0.908,1,0.111,0.686,9,1.689,0.55,0.896,9,8.534,3.932,1.51,0.852,0.507,10.516,15,6.97,5.84,6.89,7.8
SYN0231,3.57,8,0.727,0.765,15,1.648,0.843,0.266,11,7.152,1.868,1.566,0.366,0.138,15.71,25,7.02,8.74,5.44,8.14
SYN0232,6.834,7,1.167,0.63,11,0.535,0.179,0.903,6,0.578,2.842,1.755,0.743,0.681,16.723,21,2.89,8.36,6.69,9.51
SYN0233,6.551,9,1.5,0.744,20,1.108,0.481,0.197,6,3.015,0.166,0.903,0.87,0.284,16.286,29,3.28,9.84,6.55,9.48
SYN0234,6.487,8,0.615,0.442,17,0.188,0.191,0.048,13,6.51,0.561,0.82,0.656,0.35,14.118,34,3.86,9.35,6.95,8.94
SYN0235,1.384,8,0.615,0.316,14,1.408,0.528,0.519,13,3.948,1.187,1.272,0.747,0.711,15.292,34,4.84,9.69,7.11,8.24
SYN0236,0.912,2,0.167,0.357,4,0.628,0.746,0.374,12,2.94,0.126,0.471,0.81,0.74,5.202,29,5.44,5.82,6.67,5.26
SYN0237,4.377,5,0.312,0.641,25,0.765,0.654,0.665,16,4.096,1.048,1.04,0.468,0.707,18.611,34,4.86,10.0,6.47,10.0
SYN0238,6.909,8,0.615,0.619,17,1.525,0.218,0.444,13,8.069,2.731,1.054,0.682,0.415,17.397,22,3.38,10.0,7.49,9.32
SYN0239,2.555,2,0.25,0.306,10,0.663,0.588,0.828,8,1.21,0.912,1.842,0.416,0.115,11.574,26,5.27,7.08,7.73,7.54
SYN0240,6.639,0,0.0,0.759,21,1.335,0.794,0.203,8,9.679,1.68,2.367,0.742,0.452,12.385,26,6.83,7.28,6.84,9.32
SYN0241,1.091,7,0.875,0.594,21,0.362,0.254,0.725,8,9.988,3.952,0.624,0.251,0.635,19.016,34,5.93,10.0,6.33,10.0
SYN0242,3.689,9,1.0,0.093,22,0.295,0.606,0.081,9,8.767,2.931,1.362,0.814,0.972,17.871,31,6.51,10.0,6.43,9.8
SYN0243,0.755,7,0.778,0.426,20,1.063,0.127,0.007,9,9.843,2.873,0.4,0.646,0.739,14.608,31,5.46,9.34,7.27,9.56
SYN0244,2.388,9,1.286,0.817,1,1.686,0.799,0.454,7,9.379,2.884,2.272,0.214,0.274,13.491,26,6.69,6.81,6.66,4.98
SYN0245,1.005,6,0.5,0.63,19,1.373,0.757,0.625,12,0.279,1.944,0.204,0.728,0.833,16.159,28,5.04,8.92,6.73,9.73
SYN0246,5.667,7,0.538,0.098,5,0.105,0.91,0.402,13,6.173,1.85,2.095,0.731,0.428,12.995,15,6.23,8.59,6.81,5.25
SYN0247,2.833,3,0.6,0.521,7,1.537,0.417,0.621,5,1.859,0.62,0.249,0.278,0.358,9.026,29,3.61,6.21,6.36,6.64
SYN0248,3.097,0,0.0,0.823,18,1.46,0.728,0.785,12,3.416,3.005,1.713,0.491,0.454,14.443,13,4.42,7.97,5.51,9.37
SYN0249,3.732,3,0.429,0.291,13,0.349,0.468,0.03,7,1.152,1.308,0.587,0.771,0.885,9.628,22,4.47,6.4,7.03,7.55
SYN0250,2.402,1,0.25,0.647,15,0.408,0.334,0.998,4,8.817,3.953,0.297,0.37,0.6,13.186,19,6.24,7.57,4.89,9.0
SYN0251,2.612,2,0.222,0.449,17,1.646,0.274,0.645,9,5.092,2.244,1.195,0.316,0.495,12.952,24,3.9,7.46,7.07,9.08
SYN0252,6.517,7,1.0,0.396,3,0.502,0.907,0.336,7,4.512,1.946,0.977,0.919,0.266,9.084,14,5.12,6.87,7.54,4.58
SYN0253,2.497,3,0.6,0.219,22,0.56,0.35,0.706,5,9.98,4.493,1.843,0.976,0.822,17.913,24,7.24,9.5,6.83,10.0
SYN0254,4.952,2,0.2,0.483,19,1.336,0.725,0.313,10,1.878,3.466,1.72,0.324,0.578,12.797,12,3.83,8.0,6.86,9.65
SYN0255,3.467,6,0.375,0.725,2,1.568,0.463,0.603,16,6.078,3.901,2.355,0.334,0.109,12.278,26,5.05,6.65,6.54,5.68
SYN0256,1.855,9,0.818,0.207,17,0.119,0.457,0.411,11,1.57,0.498,1.357,0.783,0.432,18.083,27,5.84,10.0,6.8,9.74
SYN0257,5.359,7,0.875,0.327,20,1.373,0.538,0.288,8,8.81,2.053,1.726,0.592,0.175,16.847,31,5.39,9.3,7.59,9.52
SYN0258,4.396,6,0.4,0.427,16,0.699,0.5,0.41,15,1.648,0.933,0.25,0.09,0.344,13.256,18,3.76,9.09,7.28,9.36
SYN0259,2.826,7,0.636,0.376,15,0.238,0.919,0.535,11,3.908,0.349,1.868,0.717,0.034,17.134,18,6.9,9.8,7.37,8.27
SYN0260,5.007,1,0.1,0.536,13,1.304,0.472,0.337,10,1.922,3.01,0.646,0.907,0.108,8.744,29,2.96,5.86,7.73,6.89
SYN0261,3.481,3,0.429,0.712,1,0.662,0.328,0.369,7,0.673,0.984,0.828,0.849,0.991,7.143,17,3.82,5.24,6.39,5.16
SYN0262,3.226,2,0.222,0.209,22,0.82,0.431,0.641,9,2.324,2.644,2.374,0.24,0.62,16.145,23,4.94,9.22,6.11,10.0
SYN0263,2.247,9,0.818,0.725,25,0.067,0.516,0.229,11,7.329,1.542,0.613,0.123,0.873,18.829,17,6.33,10.0,5.74,10.0
SYN0264,1.951,2,0.286,0.224,7,0.402,0.381,0.245,7,1.764,1.12,0.792,0.657,0.08,8.417,24,4.47,5.98,6.0,5.65
SYN0265,3.517,2,0.125,0.506,10,1.012,0.517,0.454,16,3.751,2.727,0.312,0.544,0.013,8.676,23,3.37,6.43,8.07,5.94
SYN0266,3.125,7,0.875,0.603,4,0.654,0.642,0.913,8,7.222,2.293,1.249,0.553,0.736,12.661,13,6.69,7.53,6.92,6.45
SYN0267,5.027,2,0.25,0.74,19,1.618,0.667,0.519,8,1.888,1.903,2.017,0.461,0.412,15.753,14,4.85,8.95,6.84,9.0
SYN0268,2.449,3,0.2,0.324,21,0.49,0.742,0.486,15,5.026,0.496,1.426,0.221,0.192,16.423,25,5.6,9.62,7.23,10.0
SYN0269,1.219,1,0.1,0.656,16,1.144,0.261,0.097,10,5.223,0.033,1.507,0.526,0.999,11.245,23,5.15,6.32,7.22,8.56
SYN0270,2.847,1,0.25,0.337,5,0.044,0.491,0.686,4,8.699,2.317,1.636,0.032,0.97,9.554,33,6.41,5.86,6.07,6.72
SYN0271,1.229,6,0.545,0.588,19,1.334,0.33,0.987,11,4.668,4.034,2.299,0.694,0.944,20.554,15,4.84,10.0,7.77,10.0
SYN0272,6.567,4,0.571,0.518,21,1.233,0.11,0.766,7,6.007,2.898,0.998,0.726,0.562,17.378,19,3.15,10.0,7.48,10.0
SYN0273,5.514,3,0.2,0.293,10,0.105,0.669,0.797,15,5.198,2.707,0.65,0.504,0.943,12.064,27,5.14,7.23,6.39,8.84
SYN0274,6.219,0,0.0,0.289,23,0.976,0.753,0.059,13,8.102,0.687,1.763,0.868,0.923,13.34,27,5.79,7.24,7.96,9.29
SYN0275,1.735,0,0.0,0.433,13,0.665,0.458,0.856,12,3.938,0.589,1.843,0.323,0.458,11.66,16,5.46,7.19,7.74,8.3
SYN0276,5.928,3,0.2,0.398,13,1.616,0.873,0.65,15,5.934,4.364,1.561,0.657,0.688,14.212,32,4.89,7.09,7.8,8.55
SYN0277,1.282,7,0.5,0.442,4,0.14,0.56,0.573,14,5.726,1.232,1.827,0.571,0.099,11.707,29,7.4,8.39,8.43,5.51
SYN0278,4.187,8,0.727,0.165,21,0.211,0.648,0.555,11,8.005,0.554,0.44,0.32,0.035,18.727,28,5.67,10.0,6.38,10.0
SYN0279,4.978,3,0.375,0.142,16,1.182,0.671,0.21,8,0.99,3.689,0.683,0.16,0.602,10.562,23,3.53,8.31,4.66,8.51
SYN0280,2.394,2,0.2,0.363,5,0.911,0.464,0.657,10,8.205,2.722,1.094,0.346,0.604,7.871,15,5.39,5.63,6.47,6.07
SYN0281,1.278,5,0.312,0.411,13,1.618,0.53,0.096,16,3.489,2.575,0.784,0.811,0.752,10.417,33,5.46,7.42,6.77,6.8
SYN0282,3.8,2,0.25,0.149,13,0.965,0.358,0.778,8,6.782,1.882,1.18,0.524,0.953,12.523,34,5.67,7.02,5.94,9.76
SYN0283,6.858,6,0.375,0.678,3,0.281,0.217,0.874,16,9.622,1.908,1.295,0.663,0.888,12.489,24,5.16,7.55,6.82,6.28
SYN0284,3.462,8,0.533,0.315,17,1.163,0.42,0.764,15,9.038,0.787,0.976,0.715,0.17,18.866,22,5.83,10.0,6.33,9.69
SYN0285,1.466,4,0.364,0.251,7,1.569,0.828,0.935,11,8.925,3.818,0.279,0.101,0.35,11.395,24,6.18,7.65,5.16,6.98
SYN0286,4.043,2,0.2,0.43,8,0.8,0.655,0.656,10,4.394,0.629,1.831,0.104,0.421,10.67,13,5.84,6.79,6.47,6.84
SYN0287,2.428,6,0.545,0.39,25,1.327,0.36,0.131,11,9.577,3.567,0.434,0.748,0.083,15.845,31,5.61,10.0,6.93,10.0
SYN0288,6.317,3,0.214,0.488,6,0.321,0.907,0.401,14,2.739,0.865,0.479,0.104,0.98,7.271,25,4.28,5.95,6.27,5.55
SYN0289,2.45,4,0.444,0.986,11,0.36,0.83,0.948,9,3.636,1.37,0.368,0.053,0.779,12.677,23,5.99,8.64,4.14,8.37
SYN0290,1.391,9,1.8,0.055,7,1.198,0.446,0.202,5,7.208,0.197,0.581,0.279,0.907,12.825,23,4.96,6.83,5.45,6.22
SYN0291,3.424,8,0.5,0.071,2,1.625,0.446,0.495,16,5.325,2.311,0.319,0.465,0.607,9.373,12,4.32,7.55,5.17,3.96
SYN0292,5.839,7,0.583,0.694,23,0.456,0.305,0.64,12,9.42,1.25,0.449,0.276,0.972,17.716,34,5.05,10.0,6.56,10.0
SYN0293,2.617,0,0.0,0.798,6,0.435,0.047,0.583,14,7.226,3.097,2.278,0.332,0.442,8.859,18,5.01,4.8,6.1,5.65
SYN0294,2.206,6,0.667,0.264,6,0.321,0.783,0.394,9,6.078,0.313,0.312,0.368,0.808,9.93,24,6.27,7.26,7.08,6.09
SYN0295,6.775,2,0.286,0.471,11,1.45,0.162,0.815,7,3.074,2.155,0.699,0.536,0.045,11.25,15,1.39,7.18,7.92,8.42
SYN0296,0.856,6,0.6,0.4,13,1.168,0.686,0.225,10,9.565,1.268,0.322,0.844,0.429,11.305,17,6.66,7.88,7.17,7.04
SYN0297,6.014,5,1.0,0.414,23,1.358,0.887,0.447,5,7.969,4.394,1.983,0.369,0.768,17.868,27,5.14,10.0,6.21,10.0
SYN0298,2.868,3,0.3,0.417,8,0.654,0.565,0.748,10,7.031,1.058,0.156,0.662,0.867,10.317,21,4.74,7.17,6.08,6.83
SYN0299,3.437,3,0.429,0.204,14,0.632,0.908,0.87,7,0.302,1.644,0.328,0.425,0.748,13.103,21,4.22,8.46,5.36,9.39
SYN0300,0.786,1,0.167,0.142,6,0.018,0.532,0.502,6,7.094,1.907,0.503,0.552,0.746,7.073,14,7.01,4.8,5.72,6.52
SYN0301,6.077,2,0.5,0.803,3,0.617,0.839,0.106,4,2.119,0.049,2.197,0.692,0.045,8.451,27,5.71,4.89,6.75,4.01
SYN0302,3.018,4,0.4,0.535,5,1.195,0.255,0.586,10,8.52,1.306,0.491,0.815,0.884,9.674,32,5.34,7.14,7.82,6.07
SYN0303,7.15,9,0.643,0.518,10,0.613,0.839,0.61,14,0.75,0.686,1.563,0.779,0.547,17.138,14,3.86,9.73,7.93,8.3
SYN0304,1.143,9,1.0,0.294,16,1.663,0.34,0.972,9,4.883,1.636,0.795,0.373,0.512,19.029,22,4.29,10.0,6.14,10.0
SYN0305,6.391,0,0.0,0.624,4,0.494,0.732,0.462,13,0.935,2.096,1.596,0.065,0.768,6.293,22,4.86,4.71,6.11,5.0
SYN0306,5.518,1,0.125,0.619,20,1.316,0.128,0.213,8,2.115,0.103,1.857,0.719,0.274,12.16,34,2.64,7.78,7.58,10.0
SYN0307,1.897,0,0.0,0.309,6,1.642,0.495,0.561,5,8.938,0.894,1.776,0.477,0.734,9.116,22,7.26,5.33,7.64,5.91
SYN0308,2.757,6,0.75,0.515,5,1.078,0.932,0.188,8,6.964,3.485,1.502,0.581,0.955,9.957,23,7.78,6.65,6.2,5.51
SYN0309,5.246,7,0.7,0.408,25,0.571,0.738,0.285,10,6.596,3.061,1.577,0.89,0.09,17.999,25,6.56,10.0,7.4,10.0
SYN0310,4.818,8,0.615,0.511,4,0.332,0.609,0.704,13,7.412,0.034,0.993,0.173,0.415,12.098,25,5.92,8.12,6.97,5.0
SYN0311,4.073,9,1.0,0.318,19,0.729,0.78,0.231,9,7.1,0.568,0.416,0.403,0.837,15.464,22,5.87,10.0,5.87,9.97
SYN0312,4.556,0,0.0,0.839,24,1.248,0.817,0.726,13,8.071,1.701,0.736,0.552,0.262,13.671,14,5.34,8.77,5.99,10.0
SYN0313,3.892,0,0.0,0.455,13,1.513,0.831,0.904,10,6.597,2.84,2.073,0.358,0.6,11.857,28,6.2,5.93,7.6,8.82
SYN0314,0.85,8,0.5,0.508,11,0.236,0.564,0.199,16,0.92,3.186,1.617,0.56,0.922,13.592,18,5.62,7.71,7.21,7.93
SYN0315,4.494,9,1.125,0.189,15,0.72,0.63,0.429,8,5.671,1.683,1.574,0.676,0.587,16.808,32,6.18,9.35,6.6,9.08
SYN0316,5.959,6,0.375,0.444,5,1.325,0.888,0.465,16,7.952,4.044,1.414,0.457,0.278,11.511,33,6.41,7.68,6.34,6.02
SYN0317,2.766,5,0.714,0.3,14,0.203,0.49,0.021,7,0.178,3.525,1.445,0.158,0.037,12.249,28,5.52,7.85,6.42,7.22
SYN0318,5.916,4,0.5,0.68,16,1.041,0.544,0.967,8,1.214,1.683,1.54,0.475,0.191,17.236,23,4.04,8.91,7.38,9.85
SYN0319,1.041,0,0.0,0.235,13,0.459,0.395,0.862,5,7.53,3.995,2.323,0.765,0.578,13.5,20,6.64,7.89,7.02,9.17
SYN0320,2.626,1,0.111,0.426,7,1.181,0.453,0.468,9,3.851,2.194,0.916,0.72,0.944,8.258,32,5.06,6.02,7.86,6.15
SYN0321,3.064,7,0.538,0.667,6,1.167,0.619,0.017,13,4.608,1.2,1.222,0.813,0.354,9.551,24,4.82,6.91,7.37,5.14
SYN0322,1.336,6,0.4,0.406,17,0.737,0.787,0.101,15,2.265,2.791,1.761,0.327,0.268,14.178,18,6.22,9.21,6.6,7.94
SYN0323,1.313,8,0.533,0.328,6,0.536,0.84,0.334,15,1.775,1.187,0.323,0.584,0.583,10.842,19,5.68,7.83,7.45,5.91
SYN0324,2.589,3,0.25,0.309,16,1.249,0.949,0.71,12,8.914,3.485,2.078,0.196,0.498,14.817,34,7.95,8.49,6.58,9.06
SYN0325,6.906,1,0.125,0.818,11,0.665,0.649,0.52,8,3.433,2.756,1.125,0.394,0.15,10.878,31,4.0,6.37,5.53,7.13
SYN0326,2.616,7,1.75,0.556,1,0.732,0.575,0.665,4,7.689,0.698,0.344,0.616,0.081,9.07,27,6.17,5.15,6.64,4.08
SYN0327,3.294,1,0.125,0.126,5,1.162,0.363,0.086,8,5.667,2.827,1.378,0.507,0.442,5.717,33,4.85,3.92,5.68,4.77
SYN0328,3.367,0,0.0,0.3,10,1.337,0.537,0.878,12,0.535,3.803,0.433,0.456,0.839,8.323,20,3.79,5.6,5.99,7.91
SYN0329,2.589,7,0.467,0.268,24,1.219,0.639,0.136,15,8.951,2.879,0.498,0.533,0.067,15.675,15,5.7,10.0,6.46,10.0
SYN0330,3.988,6,1.5,0.619,9,1.397,0.594,0.636,4,1.848,3.683,1.629,0.3,0.29,14.203,30,3.67,7.07,5.78,7.72
SYN0331,1.398,6,0.6,0.496,19,0.515,0.572,0.907,10,9.628,2.106,1.777,0.495,0.503,18.662,34,7.06,10.0,7.67,10.0
SYN0332,4.964,9,1.0,0.68,22,0.515,0.425,0.472,9,6.59,2.592,2.237,0.884,0.955,20.764,31,5.79,10.0,8.21,10.0
SYN0333,2.206,1,0.091,0.45,8,0.179,0.833,0.922,11,0.619,1.127,0.234,0.748,0.029,8.346,15,5.33,5.85,8.05,6.61
SYN0334,1.998,4,0.364,0.619,17,1.375,0.315,0.204,11,8.1,4.02,0.959,0.822,0.73,13.559,32,4.89,8.22,6.89,9.76
SYN0335,3.956,5,0.385,0.596,21,0.639,0.554,0.601,13,3.309,1.008,2.266,0.942,0.853,19.453,28,5.35,10.0,6.94,10.0
SYN0336,4.488,4,0.286,0.192,25,0.101,0.508,0.912,14,0.623,2.221,1.963,0.33,0.346,19.231,25,4.44,10.0,7.05,10.0
SYN0337,6.853,4,0.267,0.518,8,0.036,0.112,0.86,15,6.819,3.321,1.393,0.121,0.427,11.845,26,4.64,8.03,6.93,6.94
SYN0338,2.93,0,0.0,0.473,18,0.966,0.91,0.181,7,0.437,1.574,1.624,0.322,0.122,10.205,20,5.88,6.61,7.11,7.41
SYN0339,6.535,3,0.273,0.44,21,0.415,0.683,0.951,11,4.862,0.353,2.202,0.832,0.123,18.972,16,5.84,10.0,7.56,10.0
SYN0340,6.895,0,0.0,0.894,15,0.076,0.442,0.305,11,5.415,1.565,0.208,0.378,0.757,8.043,31,3.64,6.45,4.96,7.17
SYN0341,1.071,1,0.083,0.328,18,0.788,0.596,0.381,12,7.456,4.161,0.447,0.183,0.338,10.679,31,6.07,7.79,5.76,9.56
SYN0342,5.715,0,0.0,0.204,15,0.787,0.868,0.276,5,6.103,1.413,0.294,0.476,0.127,8.687,16,5.64,5.73,6.13,8.24
SYN0343,1.898,8,0.727,0.405,9,0.027,0.742,0.235,11,1.092,2.281,0.405,0.197,0.681,10.772,25,5.82,7.84,6.2,7.3
SYN0344,2.877,6,0.429,0.521,12,0.076,0.98,0.808,14,5.108,3.514,1.293,0.758,0.033,15.691,24,7.15,8.44,8.44,7.9
SYN0345,7.15,9,0.75,0.814,2,1.032,0.751,0.575,12,9.111,1.479,1.948,0.313,0.958,13.299,14,5.49,8.38,6.64,5.35
SYN0346,4.634,7,0.438,0.415,14,1.146,0.869,0.505,16,1.484,2.224,2.133,0.374,0.419,17.225,34,6.0,9.2,7.67,8.8
SYN0347,3.504,2,0.4,0.087,12,0.217,0.779,0.825,5,3.366,2.739,0.392,0.706,0.758,11.553,17,5.46,6.8,6.08,7.87
SYN0348,1.69,0,0.0,0.553,6,0.865,0.865,0.341,13,5.641,4.038,1.455,0.665,0.814,7.511,18,6.4,4.97,7.23,5.39
SYN0349,2.958,2,0.4,0.515,9,1.681,0.606,0.207,5,8.388,3.397,0.212,0.786,0.007,7.839,12,4.9,6.1,7.4,5.5
SYN0350,3.591,2,0.182,0.267,15,1.511,0.805,0.669,11,9.684,3.616,1.825,0.622,0.453,14.265,33,6.79,7.2,6.39,10.0
SYN0351,3.517,8,0.889,0.153,21,1.066,0.643,0.485,9,1.871,2.235,0.447,0.604,0.214,17.243,27,4.05,10.0,6.29,10.0
SYN0352,2.41,6,0.429,0.532,6,1.492,0.67,0.63,14,5.978,2.445,0.815,0.412,0.247,11.283,17,5.14,7.66,7.44,6.62
SYN0353,5.281,7,0.438,0.807,14,0.103,0.8,0.442,16,3.987,4.106,0.754,0.717,0.167,13.661,32,6.12,9.99,5.42,7.89
SYN0354,4.208,0,0.0,0.5,25,0.94,0.725,0.157,16,5.357,3.869,0.666,0.797,0.733,13.226,13,5.5,7.41,6.49,10.0
SYN0355,5.844,0,0.0,0.873,13,1.114,0.484,0.074,6,7.221,3.431,1.085,0.079,0.736,8.622,18,4.99,4.79,4.96,6.6
SYN0356,5.533,4,0.5,0.521,8,1.644,0.604,0.373,8,5.466,0.487,0.654,0.338,0.332,10.169,14,4.29,6.93,7.13,5.73
SYN0357,2.325,2,0.2,0.42,8,0.1,0.407,0.037,10,6.89,2.694,2.111,0.363,0.5,9.873,19,6.48,6.31,6.58,5.61
SYN0358,7.153,1,0.2,0.428,7,0.744,0.323,0.749,5,5.471,1.797,0.818,0.488,0.372,9.163,16,3.41,6.73,7.62,5.29
SYN0359,3.113,9,1.125,0.554,5,0.279,0.774,0.47,8,9.933,0.025,1.728,0.373,0.625,14.074,14,7.4,8.27,7.22,6.85
SYN0360,6.731,4,0.5,0.637,20,1.304,0.588,0.216,8,1.783,2.536,0.435,0.622,0.853,13.29,31,2.74,8.25,6.96,10.0
SYN0361,7.129,1,0.062,0.808,5,0.87,0.648,0.117,16,5.601,1.698,1.017,0.511,0.883,6.47,17,5.24,4.26,5.71,4.07
SYN0362,4.343,7,0.467,0.625,12,0.303,0.621,0.424,15,6.17,3.943,2.221,0.092,0.196,15.366,18,6.62,8.97,6.62,7.97
SYN0363,2.349,0,0.0,0.286,23,1.197,0.403,0.718,13,4.708,2.734,1.173,0.251,0.104,14.328,31,5.24,8.46,6.32,9.87
SYN0364,1.556,6,1.2,0.443,18,0.472,0.634,0.672,5,8.997,4.04,0.531,0.806,0.148,15.245,17,6.34,9.21,7.31,10.0
SYN0365,1.824,0,0.0,0.431,23,0.146,0.219,0.877,8,9.432,1.385,1.682,0.778,0.287,15.56,30,6.63,9.29,8.36,10.0
SYN0366,1.851,4,0.5,0.596,12,1.313,0.462,0.95,8,5.852,0.701,1.43,0.741,0.968,14.709,20,6.29,9.05,7.27,9.65
SYN0367,0.904,1,0.083,0.769,12,0.958,0.747,0.359,12,9.01,0.714,1.22,0.665,0.163,9.801,12,6.86,6.59,5.77,6.59
SYN0368,5.451,7,1.0,0.418,10,0.068,0.951,0.269,7,5.775,2.669,0.519,0.271,0.524,12.702,30,6.04,7.4,6.13,8.01
SYN0369,7.007,4,0.25,0.655,1,1.12,0.52,0.858,16,4.365,3.259,0.497,0.838,0.394,7.997,27,2.96,5.28,6.34,4.15
SYN0370,1.323,2,0.222,0.45,14,1.015,0.48,0.027,9,8.856,0.802,0.679,0.979,0.398,8.022,19,6.46,6.62,8.03,7.5
SYN0371,2.907,2,0.2,0.198,9,1.629,0.414,0.465,10,0.826,3.087,0.378,0.98,0.575,8.185,26,3.96,6.24,6.3,6.1
SYN0372,1.054,6,0.75,0.665,23,0.57,0.39,0.532,8,3.835,3.036,0.488,0.389,0.813,17.507,26,4.82,10.0,6.93,10.0
SYN0373,3.692,0,0.0,0.665,1,0.923,0.881,0.636,13,5.958,1.608,0.232,0.902,0.727,4.792,25,6.03,3.86,6.07,4.71
SYN0374,6.672,8,0.615,0.522,24,1.084,0.434,0.837,13,4.334,0.524,0.581,0.386,0.244,20.865,23,3.12,10.0,7.15,10.0
SYN0375,5.178,2,0.25,0.532,10,0.464,0.577,0.267,8,5.991,4.392,0.866,0.576,0.827,8.914,32,4.4,5.79,5.94,6.85
SYN0376,2.929,5,0.556,0.553,22,1.449,0.776,0.369,9,2.918,1.419,1.668,0.31,0.432,18.103,12,5.48,9.64,6.97,9.15
SYN0377,3.139,8,1.333,0.657,7,1.687,0.812,0.734,6,4.011,1.838,1.84,0.608,0.106,16.049,32,5.69,7.51,6.58,6.8
SYN0378,6.284,7,0.438,0.485,6,0.68,0.034,0.683,16,0.983,2.611,1.091,0.895,0.61,12.792,14,1.81,7.64,8.19,6.47
SYN0379,2.325,9,0.643,0.531,21,0.662,0.429,0.472,14,7.128,0.899,0.448,0.463,0.242,17.324,26,5.37,10.0,6.46,10.0
SYN0380,6.681,2,0.286,0.366,16,1.466,0.404,0.121,7,7.766,2.912,1.352,0.074,0.398,11.825,13,3.73,7.77,5.84,7.99
SYN0381,3.486,1,0.2,0.137,4,1.227,0.754,0.483,5,2.645,1.485,1.711,0.348,0.342,8.331,22,5.53,4.33,5.62,4.85
SYN0382,5.649,2,0.167,0.424,10,0.521,0.781,0.673,12,1.544,3.623,0.439,0.742,0.851,9.968,16,3.87,6.59,6.91,6.73
SYN0383,7.175,6,0.545,0.624,17,0.534,0.515,0.525,11,1.754,4.037,0.182,0.573,0.789,14.568,23,2.25,9.48,5.93,9.47
SYN0384,5.551,8,1.143,0.902,11,0.863,0.786,0.447,7,5.229,1.101,1.944,0.221,0.979,15.158,20,5.96,8.58,5.64,7.89
SYN0385,6.57,8,1.0,0.148,15,0.167,0.575,0.589,8,5.983,1.35,0.172,0.357,0.643,15.327,32,4.17,9.11,6.42,9.09
SYN0386,4.609,7,0.5,0.279,10,0.449,0.473,0.626,14,1.115,3.405,0.56,0.064,0.179,13.842,33,3.48,9.84,5.04,7.6
SYN0387,4.201,2,0.286,0.78,11,1.303,0.447,0.192,7,3.962,0.773,0.505,0.62,0.595,8.061,20,4.0,6.51,6.81,6.25
SYN0388,3.11,4,0.444,0.699,19,0.669,0.588,0.354,9,8.054,4.387,1.876,0.23,0.295,15.142,22,6.0,9.16,5.09,9.17
SYN0389,5.884,9,0.75,0.746,24,0.815,0.59,0.909,12,4.87,1.261,1.515,0.381,0.369,23.542,15,3.93,10.0,7.42,10.0
SYN0390,5.461,2,0.333,0.496,11,0.974,0.692,0.022,6,7.721,0.306,1.918,0.393,0.446,10.495,17,5.8,6.44,7.27,6.73
SYN0391,7.014,4,0.5,0.745,14,0.674,0.547,0.512,8,0.162,1.967,0.222,0.341,0.575,11.999,14,1.66,7.53,5.76,7.71
SYN0392,5.891,1,0.077,0.741,24,0.259,0.435,0.781,13,7.395,4.268,2.151,0.406,0.009,17.036,16,5.44,9.82,5.83,10.0
SYN0393,3.675,3,0.188,0.414,19,0.259,0.43,0.955,16,3.275,1.419,0.668,0.401,0.936,14.811,23,5.66,9.56,7.23,10.0
SYN0394,6.862,0,0.0,0.834,15,0.679,0.635,0.725,11,1.217,3.405,0.421,0.366,0.191,11.544,28,3.06,7.41,5.52,8.95
SYN0395,0.747,6,0.6,0.725,21,0.511,0.66,0.275,10,6.474,1.455,0.467,0.674,0.695,15.713,13,6.38,9.69,6.24,9.79
SYN0396,4.714,2,0.2,0.476,10,0.686,0.524,0.144,10,4.077,2.428,1.866,0.886,0.223,9.528,14,5.57,6.4,9.12,6.05
SYN0397,4.189,2,0.154,0.6,18,0.621,0.641,0.852,13,1.963,0.987,0.442,0.278,0.105,12.979,17,4.4,8.16,6.13,9.12
SYN0398,4.54,8,0.615,0.291,24,1.54,0.714,0.143,13,0.341,3.576,0.514,0.445,0.629,17.889,30,2.28,10.0,5.79,10.0
SYN0399,3.559,4,0.286,0.713,9,0.58,0.799,0.856,14,7.633,1.183,1.909,0.47,0.975,14.505,15,6.71,7.83,6.94,7.83
SYN0400,3.535,1,0.083,0.506,25,0.028,0.635,0.86,12,5.25,3.601,0.966,0.355,0.1,15.625,32,6.11,9.33,7.34,10.0
SYN0401,4.215,9,0.9,0.38,10,0.001,0.555,0.613,10,9.593,0.267,1.073,0.172,0.951,14.818,17,6.34,8.75,7.05,8.9
SYN0402,1.158,4,0.667,0.796,22,0.468,0.467,0.772,6,5.984,1.045,1.136,0.675,0.88,17.766,22,7.11,9.33,7.13,10.0
SYN0403,2.36,7,0.7,0.422,25,0.495,0.429,0.865,10,2.413,3.825,1.263,0.471,0.732,21.918,32,4.5,10.0,7.68,10.0
SYN0404,1.24,1,0.067,0.389,25,1.405,0.525,0.87,15,6.676,0.189,0.393,0.92,0.967,14.968,30,5.07,8.61,7.03,10.0
SYN0405,5.538,5,0.357,0.616,13,1.382,0.596,0.946,14,0.988,4.143,1.954,0.799,0.344,17.486,19,3.62,10.0,6.68,9.84
SYN0406,4.826,2,0.286,0.432,25,0.593,0.68,0.836,7,2.276,3.729,0.378,0.764,0.186,15.82,20,4.55,9.48,6.79,10.0
SYN0407,3.05,2,0.333,0.341,23,1.092,0.688,0.076,6,0.934,3.202,2.208,0.836,0.354,14.064,24,6.21,9.19,8.09,9.02
SYN0408,2.61,9,1.8,0.595,1,0.841,0.859,0.648,5,2.16,0.056,0.698,0.106,0.412,12.314,30,5.04,6.56,6.56,4.78
SYN0409,2.4,5,0.312,0.722,8,0.544,0.758,0.986,16,2.469,2.422,0.44,0.659,0.604,12.925,34,5.1,6.87,6.39,7.33
SYN0410,2.449,0,0.0,0.576,6,0.038,0.635,0.276,11,2.52,4.034,0.212,0.654,0.31,5.291,21,4.88,5.08,7.12,4.13
SYN0411,1.638,8,0.571,0.384,25,1.662,0.477,0.249,14,6.015,3.415,0.554,0.337,0.089,19.058,30,4.75,10.0,6.63,10.0
SYN0412,3.784,5,0.833,0.147,16,0.154,0.533,0.082,6,4.517,0.423,0.73,0.675,0.8,12.269,23,6.05,6.94,6.51,8.97
SYN0413,1.882,3,0.333,0.395,6,1.515,0.844,0.819,9,0.303,0.174,1.36,0.645,0.9,10.955,31,5.56,7.34,7.25,7.35
SYN0414,4.98,6,0.375,0.422,12,0.24,0.252,0.66,16,7.546,2.66,2.057,0.159,0.757,16.033,21,5.36,9.49,7.62,9.72
SYN0415,3.471,6,0.6,0.185,25,0.488,0.171,0.173,10,3.137,0.216,0.213,0.242,0.434,15.865,17,3.06,10.0,5.96,10.0
SYN0416,3.672,2,0.286,0.225,1,1.537,0.743,0.39,7,2.284,4.129,1.054,0.25,0.922,6.496,34,4.79,4.12,5.96,5.43
SYN0417,5.488,4,0.4,0.629,7,1.388,0.486,0.696,10,4.491,2.983,0.652,0.802,0.944,9.925,33,3.61,6.26,6.68,7.27
SYN0418,6.261,4,0.8,0.852,7,0.216,0.181,0.242,5,6.153,1.971,0.471,0.782,0.318,8.434,16,3.24,7.07,6.27,5.28
SYN0419,2.004,0,0.0,0.41,21,0.33,0.789,0.557,10,1.434,4.339,0.278,0.623,0.17,12.789,23,6.16,8.22,6.54,9.94
SYN0420,0.722,0,0.0,0.291,21,1.401,0.629,0.387,10,9.102,1.07,1.254,0.308,0.899,12.486,23,6.99,8.11,6.46,8.95
SYN0421,3.225,4,0.667,0.426,18,1.448,0.688,0.461,6,4.523,4.286,1.193,0.719,0.246,14.933,30,5.28,9.84,6.79,8.73
SYN0422,6.552,8,0.5,0.742,16,0.185,0.405,0.624,16,0.509,0.977,1.391,0.304,0.443,17.914,24,3.39,10.0,6.82,9.44
SYN0423,5.7,6,0.462,0.309,22,0.165,0.878,0.932,13,3.567,3.346,2.305,0.352,0.905,20.914,22,6.05,10.0,7.42,10.0
SYN0424,6.555,2,0.333,0.373,18,1.069,0.881,0.909,6,0.971,0.177,2.131,0.344,0.988,16.052,26,4.44,8.77,8.37,9.91
SYN0425,6.853,9,1.0,0.878,13,1.558,0.246,0.793,9,7.866,1.596,2.363,0.479,0.365,18.671,28,4.17,10.0,6.65,8.74
SYN0426,6.588,0,0.0,0.352,2,0.464,0.94,0.927,14,0.107,2.581,0.831,0.416,0.27,6.725,23,4.64,3.95,6.91,4.62
SYN0427,2.924,5,0.333,0.458,15,1.562,0.387,0.114,15,8.108,3.628,0.391,0.451,0.779,12.165,12,4.58,7.24,6.16,9.01
SYN0428,1.157,9,0.643,0.463,2,1.197,0.51,0.476,14,1.973,4.446,1.512,0.245,0.061,11.734,12,6.04,8.43,6.58,5.75
SYN0429,4.44,3,0.2,0.402,25,1.686,0.313,0.507,15,2.854,1.919,2.005,0.581,0.252,18.396,14,4.35,10.0,7.88,10.0
SYN0430,5.612,6,1.2,0.603,22,0.15,0.695,0.678,5,0.659,1.181,2.039,0.523,0.763,19.156,18,5.1,10.0,7.06,10.0
SYN0431,6.42,5,0.312,0.714,15,0.26,0.501,0.87,16,1.494,1.646,1.127,0.887,0.217,14.581,27,4.16,9.65,7.34,9.22
SYN0432,2.673,8,1.0,0.224,6,0.828,0.877,0.706,8,6.078,0.637,1.317,0.541,0.632,13.566,21,6.52,7.54,6.84,6.94
SYN0433,2.532,5,0.312,0.552,1,0.76,0.638,0.872,16,3.125,4.121,2.338,0.666,0.194,11.329,22,6.03,6.12,7.92,4.76
SYN0434,4.661,3,0.273,0.611,13,1.275,0.639,0.891,11,9.583,1.197,1.161,0.81,0.848,12.654,19,5.84,8.18,6.8,9.5
SYN0435,4.352,4,0.444,0.581,7,0.89,0.648,0.853,9,2.982,0.919,0.816,0.166,0.776,12.451,26,4.24,7.0,5.68,6.79
SYN0436,1.4,4,0.364,0.374,5,0.549,0.738,0.375,11,0.255,1.954,0.879,0.195,0.324,9.258,13,5.63,6.09,6.6,5.03
SYN0437,1.115,1,0.167,0.168,11,0.138,0.551,0.416,6,7.897,3.126,1.383,0.473,0.869,9.202,13,6.93,5.69,7.05,7.63
SYN0438,2.166,0,0.0,0.526,17,0.543,0.578,0.29,4,0.235,3.216,1.084,0.675,0.491,10.073,14,4.57,6.48,7.38,8.3
SYN0439,2.083,8,2.0,0.35,7,1.282,0.344,0.446,4,9.677,3.023,1.883,0.42,0.933,13.41,30,6.31,5.9,6.99,6.47
SYN0440,4.556,4,0.444,0.612,9,0.369,0.874,0.389,9,3.274,4.429,1.504,0.288,0.987,11.996,19,5.81,7.22,6.22,7.12
SYN0441,1.025,0,0.0,0.623,7,1.098,0.408,0.035,8,1.201,0.638,1.178,0.781,0.793,6.511,27,4.9,4.67,7.05,4.78
SYN0442,6.462,8,1.0,0.358,5,0.366,0.89,0.466,8,1.75,0.06,2.169,0.484,0.267,14.187,18,5.46,8.14,8.2,5.9
SYN0443,6.378,6,0.5,0.691,20,0.624,0.801,0.726,12,5.408,1.443,1.588,0.567,0.767,17.556,33,5.5,9.92,6.3,10.0
SYN0444,3.506,9,1.125,0.274,6,1.513,0.59,0.745,8,8.511,2.582,2.349,0.762,0.881,17.412,29,6.55,8.64,8.68,7.42
SYN0445,5.02,2,0.133,0.401,24,1.422,0.491,0.219,15,3.511,1.836,1.841,0.285,0.895,14.616,12,5.28,8.01,7.46,10.0
SYN0446,6.653,4,0.571,0.77,7,0.04,0.754,0.951,7,4.219,1.609,1.057,0.712,0.429,12.337,27,4.76,7.07,5.81,5.91
SYN0447,3.95,5,1.25,0.203,25,0.167,0.746,0.49,4,0.273,0.174,1.247,0.414,0.922,17.929,22,5.26,10.0,6.78,10.0
SYN0448,5.752,7,1.0,0.442,22,1.327,0.444,0.925,7,6.537,0.219,1.468,0.837,0.331,19.588,16,4.67,10.0,7.66,10.0
SYN0449,3.217,2,0.125,0.569,19,1.437,0.297,0.102,16,1.392,3.332,2.28,0.653,0.021,13.624,34,3.78,8.24,7.3,8.75
SYN0450,3.536,6,1.2,0.21,5,0.206,0.273,0.997,5,3.733,1.184,0.3,0.668,0.133,12.281,12,3.97,7.6,6.92,6.52
SYN0451,2.428,8,2.0,0.463,16,1.362,0.399,0.388,4,6.334,2.436,1.959,0.298,0.068,17.378,14,5.34,7.89,7.53,7.83
SYN0452,3.051,3,0.375,0.786,13,0.047,0.717,0.867,8,7.486,0.573,1.534,0.628,0.157,14.3,21,6.99,8.26,5.99,8.25
SYN0453,4.351,2,0.125,0.611,11,0.516,0.703,0.511,16,3.861,3.92,1.699,0.587,0.574,11.307,14,5.07,5.58,6.07,7.32
SYN0454,1.109,4,0.5,0.408,7,0.592,0.456,0.264,8,4.238,2.966,1.879,0.585,0.543,10.094,26,6.03,6.29,7.43,4.86
SYN0455,4.851,3,0.231,0.802,16,0.637,0.615,0.072,13,1.244,1.695,1.389,0.481,0.551,12.372,28,4.26,7.35,6.56,8.3
SYN0456,7.081,9,1.8,0.708,12,1.292,0.245,0.096,5,7.43,1.905,0.24,0.86,0.72,12.248,19,3.2,7.88,6.14,7.07
SYN0457,4.292,3,0.5,0.099,6,0.155,0.809,0.096,6,8.454,0.994,1.184,0.509,0.239,7.238,30,7.49,4.71,5.7,4.94
SYN0458,6.207,6,0.4,0.219,25,0.646,0.39,0.322,15,4.99,2.77,2.036,0.465,0.699,18.937,24,4.79,10.0,6.46,10.0
SYN0459,2.589,3,0.3,0.884,8,1.097,0.781,0.36,10,0.205,1.963,1.152,0.592,0.912,8.952,17,5.43,7.15,5.38,5.92
SYN0460,5.966,0,0.0,0.69,3,1.046,0.583,0.149,10,1.416,1.962,2.11,0.299,0.872,6.838,17,4.12,4.54,6.36,4.7
SYN0461,0.812,3,0.231,0.381,15,0.941,0.482,0.787,13,3.255,0.773,0.763,0.878,0.847,12.782,31,5.66,7.77,7.46,9.68
SYN0462,1.838,1,0.067,0.353,22,1.282,0.504,0.786,15,5.775,3.769,1.062,0.632,0.126,14.034,14,5.03,8.6,6.63,10.0
SYN0463,3.381,6,0.75,0.442,5,0.765,0.832,0.396,8,1.423,4.052,2.183,0.266,0.205,11.325,13,5.7,7.22,6.97,5.26
SYN0464,3.131,5,0.455,0.834,18,0.811,0.756,0.166,11,9.921,0.657,1.75,0.85,0.799,14.675,31,7.13,9.25,6.78,8.59
SYN0465,6.443,7,0.7,0.613,5,1.586,0.545,0.267,10,1.422,4.117,0.36,0.862,0.954,8.889,30,2.69,7.81,6.83,5.19
SYN0466,4.393,3,0.75,0.098,22,0.781,0.496,0.668,4,8.354,2.654,1.686,0.839,0.434,16.393,28,5.57,10.0,6.78,10.0
SYN0467,4.546,4,0.8,0.836,18,0.86,0.485,0.242,5,6.231,4.268,1.641,0.93,0.432,14.029,12,4.85,8.72,5.9,9.55
SYN0468,7.186,6,0.462,0.453,6,0.571,0.879,0.15,13,4.285,4.035,2.252,0.727,0.291,12.344,33,5.03,6.15,7.38,5.97
SYN0469,0.963,4,0.444,0.955,6,1.525,0.846,0.837,9,0.717,2.757,0.462,0.752,0.515,10.381,19,5.06,6.97,5.74,5.97
SYN0470,5.217,7,0.778,0.605,10,1.133,0.791,0.148,9,9.982,0.567,1.776,0.525,0.482,12.887,32,6.22,7.2,7.07,6.27
SYN0471,5.309,7,0.5,0.238,2,1.43,0.525,0.967,14,7.837,3.882,1.162,0.608,0.958,13.118,34,5.04,8.81,6.51,6.67
SYN0472,1.306,5,0.833,0.141,9,1.542,0.505,0.711,6,8.002,1.679,0.156,0.528,0.333,11.589,28,5.44,8.06,5.17,7.0
SYN0473,6.723,3,0.3,0.901,19,0.93,0.906,0.407,10,6.27,3.563,1.218,0.881,0.591,13.845,21,5.96,7.94,6.08,8.96
SYN0474,4.467,6,0.75,0.184,18,1.598,0.08,0.788,8,7.689,2.985,1.267,0.551,0.855,18.286,24,3.59,10.0,6.03,10.0
SYN0475,5.153,1,0.111,0.42,22,0.497,0.482,0.361,9,7.651,1.3,2.395,0.896,0.121,16.23,19,6.81,8.85,8.41,9.83
SYN0476,1.863,7,0.778,0.141,4,0.818,0.71,0.176,9,8.066,2.454,0.713,0.05,0.086,8.368,16,6.36,7.03,5.3,4.13
SYN0477,7.142,5,1.25,0.384,7,0.285,0.58,0.976,4,7.447,3.755,2.251,0.725,0.369,15.616,13,5.53,7.36,6.71,8.64
SYN0478,6.77,5,0.5,0.61,17,0.954,0.324,0.726,10,3.407,2.812,0.223,0.564,0.055,14.004,16,2.52,8.49,6.8,9.26
SYN0479,6.223,1,0.083,0.284,1,1.668,0.221,0.603,12,8.516,1.631,0.364,0.597,0.232,4.767,29,3.4,3.34,7.25,4.48
SYN0480,6.779,8,1.0,0.285,5,0.117,0.326,0.542,8,2.643,2.659,1.413,0.287,0.631,11.933,18,3.85,7.24,6.51,5.13
SYN0481,5.136,3,0.3,0.081,25,1.431,0.61,0.388,10,8.25,1.317,0.456,0.509,0.707,14.475,31,3.59,9.57,5.39,10.0
SYN0482,2.344,2,0.154,0.532,5,1.209,0.484,0.277,13,1.126,0.013,0.623,0.312,0.447,5.721,32,4.37,4.09,6.45,5.32
SYN0483,4.987,4,0.364,0.766,7,1.479,0.775,0.437,11,2.521,1.95,0.507,0.547,0.204,8.299,21,4.31,6.83,5.87,5.76
SYN0484,5.807,8,1.6,0.45,23,1.469,0.852,0.438,5,1.335,3.515,1.602,0.441,0.145,19.171,23,3.57,9.89,7.2,10.0
SYN0485,5.896,6,1.5,0.386,9,1.377,0.676,0.799,4,5.299,0.823,1.268,0.934,0.77,13.801,22,4.91,7.23,8.15,8.09
SYN0486,5.667,4,0.267,0.601,20,0.961,0.418,0.325,15,8.578,1.606,1.858,0.599,0.69,14.779,16,5.47,10.0,7.41,10.0
SYN0487,7.174,1,0.2,0.61,24,0.365,0.941,0.12,5,2.804,2.649,1.162,0.534,0.805,13.807,29,4.96,7.1,6.84,10.0
SYN0488,2.501,2,0.143,0.628,19,0.472,0.623,0.696,14,0.269,0.439,1.561,0.267,0.737,15.496,18,5.45,8.46,6.56,10.0
SYN0489,3.622,9,1.5,0.08,25,1.496,0.946,0.533,6,6.844,4.018,0.394,0.488,0.266,19.774,29,5.95,10.0,5.66,10.0
SYN0490,6.952,9,1.0,0.554,15,0.475,0.294,0.02,9,4.058,1.69,1.355,0.181,0.113,15.171,32,3.12,8.63,7.1,8.19
SYN0491,4.204,3,0.188,0.24,3,0.411,0.575,0.332,16,1.362,0.802,1.112,0.538,0.721,7.505,22,4.01,5.51,7.07,4.8
SYN0492,0.915,0,0.0,0.468,1,0.142,0.29,0.688,16,4.808,3.624,1.138,0.417,0.379,5.23,28,5.36,3.6,6.94,4.61
SYN0493,5.983,9,0.643,0.525,3,0.256,0.7,0.435,14,0.263,2.696,0.156,0.492,0.361,10.636,28,4.02,8.18,7.04,5.39
SYN0494,5.885,8,1.143,0.293,24,0.071,0.927,0.41,7,8.56,2.512,1.541,0.743,0.122,19.615,28,7.39,10.0,7.25,10.0
SYN0495,4.766,4,0.286,0.286,17,0.33,0.596,0.242,14,6.73,0.637,1.05,0.626,0.667,12.528,21,5.88,8.55,6.25,9.16
SYN0496,3.094,8,0.8,0.144,10,1.607,0.754,0.187,10,7.887,3.245,0.98,0.758,0.729,13.126,27,5.54,8.59,6.16,7.37
SYN0497,4.442,8,0.667,0.458,17,0.303,0.798,0.395,12,2.219,0.636,0.38,0.236,0.787,15.487,31,5.33,9.98,7.39,9.82
SYN0498,3.902,2,0.2,0.867,2,1.23,0.453,0.389,10,4.617,2.253,1.066,0.767,0.997,5.457,15,4.32,5.16,5.17,4.36
SYN0499,4.105,0,0.0,0.514,24,0.482,0.988,0.214,7,3.679,3.564,0.451,0.548,0.526,12.393,21,5.96,8.21,6.73,10.0
SYN0500,2.929,0,0.0,0.414,6,1.601,0.889,0.335,13,4.183,0.415,2.251,0.761,0.407,8.707,23,5.7,4.26,7.84,5.99
SYN0501,3.271,6,0.375,0.838,14,1.327,0.378,0.391,16,8.845,0.398,2.11,0.15,0.745,14.547,17,6.01,8.44,5.71,8.64
SYN0502,3.494,8,1.333,0.38,25,0.954,0.748,0.555,6,7.938,4.433,1.906,0.206,0.737,21.453,25,6.76,10.0,6.0,10.0
SYN0503,1.047,5,0.455,0.892,19,0.309,0.304,0.706,11,6.238,2.817,1.875,0.547,0.6,18.103,33,6.6,9.04,6.39,10.0
SYN0504,1.644,5,0.385,0.556,4,0.5,0.677,0.857,13,9.533,4.007,0.394,0.864,0.776,10.156,30,5.79,6.68,6.12,6.68
SYN0505,7.135,7,1.167,0.286,1,1.091,0.34,0.228,6,6.067,1.466,1.641,0.953,0.285,8.706,23,4.87,5.3,7.78,4.11
SYN0506,5.218,9,0.9,0.347,22,0.249,0.623,0.345,10,6.304,4.156,0.637,0.841,0.882,18.751,28,4.94,10.0,7.0,10.0
SYN0507,6.182,4,0.4,0.333,17,0.462,0.726,0.6,10,9.073,1.752,2.396,0.334,0.081,15.799,31,6.1,10.0,7.39,9.13
SYN0508,1.13,8,2.0,0.648,24,0.546,0.269,0.642,4,6.27,0.226,0.979,0.555,0.058,20.959,16,5.66,9.15,6.43,10.0
SYN0509,1.592,0,0.0,0.663,16,1.569,0.802,0.067,12,7.777,0.102,2.257,0.663,0.133,11.796,23,7.17,6.11,6.58,8.8
SYN0510,1.407,8,1.6,0.367,6,0.001,0.488,0.67,5,1.324,2.231,1.44,0.643,0.668,13.507,20,5.21,6.63,7.75,7.29
SYN0511,1.011,6,0.75,0.749,2,0.402,0.72,0.108,8,1.418,2.084,1.93,0.827,0.492,10.114,29,6.62,5.76,7.18,4.85
SYN0512,7.029,2,0.154,0.508,20,0.744,0.834,0.243,13,1.15,2.319,1.373,0.476,0.493,13.626,29,4.18,7.62,6.65,8.07
SYN0513,3.648,0,0.0,0.944,13,0.919,0.501,0.328,10,1.592,4.465,1.677,0.502,0.073,10.266,17,4.88,6.43,4.81,7.65
SYN0514,3.669,9,2.25,0.413,20,1.035,0.565,0.605,4,7.296,2.98,1.37,0.76,0.882,19.239,31,5.14,9.05,7.38,10.0
SYN0515,3.637,8,0.667,0.486,6,0.4,0.607,0.972,12,1.868,4.203,1.167,0.4,0.664,14.728,31,4.38,8.89,7.09,7.9
SYN0516,6.65,8,0.727,0.565,24,0.065,0.629,0.186,11,6.252,1.069,0.267,0.563,0.125,16.517,29,5.16,10.0,6.94,10.0
SYN0517,1.887,8,0.8,0.681,20,0.5,0.851,0.576,10,2.693,1.761,2.099,0.227,0.533,19.511,27,7.33,10.0,5.59,10.0
SYN0518,1.817,9,1.286,0.562,17,0.181,0.953,0.519,7,9.563,4.273,1.407,0.106,0.825,17.544,18,7.91,10.0,6.81,9.11
SYN0519,6.058,1,0.2,0.41,3,1.426,0.515,0.327,5,3.278,0.483,1.79,0.253,0.846,7.052,19,4.15,4.08,7.23,4.94
SYN0520,4.735,2,0.133,0.801,3,0.06,0.422,0.122,15,5.917,2.128,0.285,0.783,0.527,5.364,23,4.1,5.11,6.57,3.86
SYN0521,6.634,6,0.6,0.098,25,0.765,0.762,0.338,10,3.373,3.334,1.656,0.506,0.797,18.302,34,4.96,10.0,5.56,10.0
SYN0522,4.693,1,0.2,0.744,1,1.5,0.272,0.647,5,2.321,4.313,0.445,0.57,0.868,4.617,12,2.33,5.0,4.82,4.54
SYN0523,3.467,2,0.143,0.102,13,0.656,0.838,0.69,14,9.367,1.904,2.172,0.808,0.747,12.781,28,8.34,7.47,7.19,8.36
SYN0524,6.873,1,0.083,0.226,4,1.253,0.6,0.841,12,0.071,1.372,0.358,0.378,0.718,7.308,12,1.85,5.3,5.43,6.34
SYN0525,5.024,2,0.125,0.303,12,0.955,0.694,0.033,16,1.424,0.406,1.988,0.809,0.241,9.306,13,4.55,6.09,7.39,6.58
SYN0526,3.747,1,0.091,0.418,19,1.114,0.335,0.741,11,8.816,4.299,1.799,0.671,0.236,14.942,19,5.71,8.16,6.49,10.0
SYN0527,5.831,8,1.143,0.506,24,1.096,0.833,0.29,7,9.419,2.57,0.737,0.229,0.725,17.441,26,5.1,9.89,6.67,10.0
SYN0528,4.412,7,1.4,0.209,25,0.896,0.576,0.327,5,5.796,2.512,2.209,0.199,0.099,20.832,24,5.71,9.47,6.81,10.0
SYN0529,0.945,0,0.0,0.449,15,0.882,0.665,0.74,8,7.05,1.675,1.307,0.399,0.838,12.42,13,7.02,7.6,7.06,10.0
SYN0530,4.895,9,0.562,0.807,6,1.622,0.873,0.942,16,7.493,2.988,0.358,0.754,0.912,14.342,27,5.8,9.66,5.17,7.43
SYN0531,1.449,6,1.5,0.778,22,1.571,0.23,0.383,4,1.045,4.11,0.244,0.828,0.743,15.699,26,3.38,8.78,5.11,10.0
SYN0532,0.941,9,1.286,0.423,15,1.106,0.643,0.785,7,1.761,0.405,0.201,0.556,0.86,16.867,22,5.24,9.75,6.99,9.98
SYN0533,6.16,9,1.286,0.458,7,1.217,0.413,0.823,7,7.764,1.03,1.171,0.279,0.763,14.46,12,4.45,8.54,7.16,7.11
SYN0534,1.615,7,1.75,0.643,16,0.472,0.402,0.085,4,4.262,2.659,1.078,0.272,0.107,13.657,17,5.95,6.66,6.08,7.67
SYN0535,5.317,4,1.0,0.284,13,1.626,0.632,0.787,4,6.229,1.669,1.478,0.806,0.946,13.815,15,5.36,8.61,7.29,8.98
SYN0536,0.987,0,0.0,0.459,24,1.347,0.658,0.09,16,1.619,2.323,1.375,0.438,0.148,11.628,15,6.14,7.58,7.15,9.94
SYN0537,0.976,7,1.4,0.482,2,1.382,0.665,0.114,5,1.966,0.078,1.129,0.343,0.703,9.144,27,5.61,5.3,7.45,4.36
SYN0538,5.062,3,0.231,0.562,13,0.743,0.742,0.138,13,8.537,0.085,0.28,0.721,0.627,8.094,14,5.67,6.56,6.33,6.7
SYN0539,1.508,4,1.0,0.084,18,0.116,0.412,0.27,4,0.03,1.122,2.394,0.647,0.502,16.142,21,5.4,7.69,5.6,9.34
SYN0540,5.792,8,0.727,0.719,22,0.204,0.213,0.148,11,4.85,4.286,1.241,0.338,0.437,16.907,34,4.6,10.0,5.12,9.81
SYN0541,6.628,9,0.818,0.843,15,1.394,0.803,0.027,11,8.032,2.825,0.364,0.912,0.751,13.917,31,3.34,9.15,5.05,7.55
SYN0542,6.533,1,0.091,0.494,3,1.65,0.892,0.758,11,4.513,3.961,0.951,0.502,0.507,7.413,12,4.04,5.17,7.37,5.45
SYN0543,3.422,5,0.455,0.744,19,0.145,0.527,0.158,11,8.91,3.035,1.478,0.749,0.15,15.198,24,5.29,8.14,7.04,8.79
SYN0544,4.83,4,1.0,0.758,3,1.343,0.885,0.642,4,1.77,1.279,2.161,0.738,0.107,11.926,30,5.48,5.09,6.69,4.87
SYN0545,2.604,0,0.0,0.414,9,1.59,0.528,0.444,13,1.529,1.521,1.018,0.274,0.63,7.417,29,4.6,5.82,6.22,6.09
SYN0546,2.143,8,0.8,0.437,5,1.675,0.453,0.022,10,8.33,0.401,0.316,0.885,0.987,9.475,17,6.09,6.87,7.53,4.99
SYN0547,2.087,6,1.5,0.758,18,0.869,0.39,0.36,4,9.561,3.377,1.265,0.439,0.873,15.983,20,6.87,8.38,5.75,9.83
SYN0548,5.611,7,0.467,0.123,19,1.28,0.607,0.08,15,2.709,2.326,2.389,0.64,0.627,18.123,29,4.09,10.0,6.02,8.81
SYN0549,5.243,9,0.9,0.684,19,0.531,0.607,0.111,10,6.137,3.251,1.679,0.207,0.697,17.344,34,5.81,10.0,5.62,9.66
SYN0550,5.433,3,0.231,0.598,23,1.101,0.403,0.379,13,0.077,0.111,1.626,0.7,0.25,14.974,24,4.07,9.25,7.16,10.0
SYN0551,6.3,9,0.9,0.533,6,0.024,0.761,0.756,10,3.399,4.016,1.435,0.793,0.781,15.679,12,4.81,8.95,7.25,6.78
SYN0552,3.329,6,0.375,0.15,10,0.092,0.45,0.054,16,6.948,3.039,0.511,0.469,0.798,9.935,27,5.53,6.78,5.09,6.98
SYN0553,4.686,6,1.5,0.153,12,1.548,0.866,0.639,4,9.934,0.028,2.185,0.504,0.481,15.809,29,7.46,8.4,6.97,8.91
SYN0554,6.821,7,0.438,0.831,23,0.695,0.298,0.053,16,5.288,1.03,1.859,0.623,0.386,18.307,13,3.79,10.0,6.46,10.0
SYN0555,7.092,8,1.333,0.345,17,0.551,0.865,0.254,6,6.528,1.283,1.201,0.866,0.935,17.095,21,5.57,8.31,7.43,8.08
SYN0556,5.134,9,0.6,0.305,10,1.097,0.84,0.833,15,5.389,3.083,1.994,0.044,0.827,17.15,34,5.78,9.93,5.8,7.95
SYN0557,2.192,8,0.667,0.72,23,1.339,0.563,0.474,12,2.866,4.073,2.046,0.614,0.956,19.975,25,5.76,10.0,6.82,10.0
SYN0558,5.175,7,0.538,0.47,24,1.138,0.688,0.502,13,6.611,3.934,1.805,0.756,0.514,19.177,34,5.1,10.0,8.12,10.0
SYN0559,5.27,7,1.4,0.581,2,1.377,0.755,0.71,5,1.75,0.595,0.608,0.6,0.238,11.297,16,5.19,6.03,6.53,4.7
SYN0560,3.247,2,0.154,0.146,23,0.983,0.866,0.889,13,0.163,3.112,1.018,0.419,0.558,17.165,27,4.91,9.56,5.01,10.0
SYN0561,1.931,6,0.375,0.711,8,1.09,0.717,0.421,16,7.511,3.853,1.593,0.164,0.035,11.835,12,5.92,7.88,5.76,6.16
SYN0562,6.013,4,0.444,0.856,14,0.736,0.525,0.709,9,7.041,4.013,2.271,0.572,0.916,15.096,31,4.81,8.73,6.71,9.29
SYN0563,5.641,6,0.6,0.72,19,0.96,0.548,0.234,10,4.334,2.499,2.17,0.584,0.364,16.474,30,4.58,9.78,7.23,8.91
SYN0564,6.529,0,0.0,0.288,12,0.773,0.671,0.079,15,8.548,3.425,2.356,0.661,0.972,8.685,27,5.33,5.72,7.12,6.81
SYN0565,2.629,9,1.5,0.549,20,1.212,0.671,0.603,6,4.775,2.305,0.318,0.115,0.916,17.141,29,4.92,10.0,5.31,10.0
SYN0566,2.773,8,1.333,0.094,16,1.412,0.71,0.848,6,4.7,0.799,0.517,0.425,0.005,16.213,28,4.56,8.66,5.34,9.35
SYN0567,2.402,7,1.0,0.492,18,1.571,0.737,0.351,7,5.625,3.141,2.285,0.102,0.109,18.438,14,6.16,10.0,7.07,9.24
SYN0568,3.058,7,1.75,0.076,22,0.025,0.899,0.785,4,5.618,1.473,0.809,0.518,0.865,18.677,16,6.53,9.46,5.56,10.0
SYN0569,6.136,1,0.077,0.827,10,1.379,0.362,0.611,13,2.218,0.824,1.204,0.245,0.438,10.025,19,2.56,7.32,5.44,7.22
SYN0570,6.303,8,0.8,0.251,23,1.694,0.795,0.968,10,3.179,1.025,2.223,0.794,0.444,22.349,13,4.25,10.0,7.38,10.0
SYN0571,6.946,2,0.286,0.606,21,1.19,0.634,0.1,7,0.833,0.451,1.903,0.822,0.168,12.707,34,2.99,7.25,7.13,10.0
SYN0572,2.442,1,0.071,0.22,19,0.607,0.844,0.863,14,9.305,4.079,0.931,0.668,0.891,13.689,26,6.86,9.7,5.35,10.0
SYN0573,5.277,2,0.182,0.606,22,0.622,0.792,0.957,11,6.22,4.364,1.889,0.129,0.878,17.555,28,4.94,8.91,6.06,10.0
SYN0574,2.649,9,1.8,0.872,6,1.632,0.667,0.567,5,1.465,1.626,0.309,0.173,0.644,12.3,25,5.04,6.48,4.75,6.35
SYN0575,3.215,7,0.636,0.148,17,0.454,0.622,0.581,11,9.632,1.687,0.656,0.056,0.157,15.506,18,6.78,10.0,5.99,9.29
SYN0576,7.105,5,0.625,0.343,9,0.312,0.491,0.308,8,8.56,0.314,1.809,0.978,0.541,12.937,28,5.5,7.5,8.11,6.58
SYN0577,3.196,7,1.0,0.962,11,1.628,0.673,0.451,7,8.572,3.873,0.347,0.636,0.046,13.592,19,4.58,8.59,4.78,7.26
SYN0578,5.212,7,0.778,0.533,1,1.181,0.637,0.842,9,2.256,3.384,0.164,0.582,0.608,10.515,14,2.95,8.01,6.69,4.76
SYN0579,6.614,0,0.0,0.67,14,0.359,0.82,0.313,14,7.496,3.106,1.209,0.891,0.34,8.968,29,5.93,5.4,7.02,7.36
SYN0580,7.064,9,1.5,0.233,9,0.564,0.714,0.138,6,7.224,2.145,0.153,0.46,0.927,12.684,16,4.56,7.01,6.09,7.13
SYN0581,3.867,4,0.286,0.204,4,0.112,0.48,0.736,14,7.348,0.574,1.577,0.694,0.93,11.307,15,6.3,7.51,7.68,6.51
SYN0582,1.549,1,0.1,0.524,22,1.673,0.2,0.44,10,4.596,1.79,1.465,0.417,0.652,15.285,14,3.79,9.05,6.89,9.91
SYN0583,3.753,6,0.462,0.123,7,0.203,0.479,0.821,13,0.669,1.742,0.515,0.76,0.487,12.183,23,3.48,8.64,6.67,6.86
SYN0584,7.003,6,0.545,0.171,19,0.871,0.642,0.763,11,2.547,2.952,1.142,0.382,0.189,16.832,25,3.67,10.0,5.79,10.0
SYN0585,1.934,2,0.2,0.485,5,0.435,0.805,0.101,10,5.147,2.31,2.144,0.107,0.623,7.837,32,7.33,5.45,7.33,4.73
SYN0586,4.605,6,0.75,0.183,24,1.642,0.482,0.261,8,2.023,3.669,1.97,0.184,0.529,18.264,23,4.27,10.0,6.49,10.0
SYN0587,3.238,9,0.643,0.369,24,1.356,0.62,0.472,14,8.572,1.769,2.245,0.768,0.079,21.525,23,7.26,10.0,8.38,10.0
SYN0588,6.152,9,1.125,0.666,5,0.549,0.732,0.24,8,4.532,4.414,0.458,0.536,0.286,12.09,20,3.98,6.72,5.77,6.39
SYN0589,6.816,1,0.125,0.779,15,0.963,0.599,0.681,8,0.181,2.404,1.694,0.13,0.142,12.066,23,3.52,6.91,6.38,8.22
SYN0590,2.769,3,0.333,0.546,17,1.356,0.346,0.049,9,4.972,2.893,0.518,0.94,0.797,11.468,16,4.43,8.07,6.67,8.64
SYN0591,3.302,5,0.5,0.546,21,1.407,0.534,0.025,10,9.361,1.465,1.318,0.903,0.463,15.425,18,6.03,9.26,7.28,10.0
SYN0592,5.2,1,0.062,0.766,2,0.337,0.488,0.776,16,1.76,3.244,1.502,0.145,0.344,8.554,31,3.87,6.02,5.44,4.82
SYN0593,2.225,2,0.333,0.585,7,1.519,0.744,0.691,6,8.283,3.518,0.65,0.502,0.35,8.014,24,6.15,6.24,6.55,6.2
SYN0594,1.918,9,0.818,0.743,5,0.674,0.274,0.893,11,5.583,2.521,2.314,0.66,0.63,17.452,20,5.69,9.0,6.68,7.38
SYN0595,3.577,4,0.667,0.449,1,1.079,0.668,0.665,6,6.853,3.871,0.552,0.395,0.211,8.244,24,5.33,6.9,6.82,3.99
SYN0596,5.892,1,0.071,0.545,1,0.825,0.377,0.014,14,6.6,0.989,1.017,0.295,0.229,4.486,27,4.16,3.21,6.61,3.47
SYN0597,3.795,5,0.556,0.53,3,0.626,0.849,0.918,9,3.422,1.927,0.188,0.818,0.547,9.565,17,6.0,7.31,7.19,5.77
SYN0598,1.797,2,0.143,0.064,24,1.125,0.562,0.716,14,9.059,2.791,1.191,0.912,0.475,15.477,25,6.06,9.61,6.9,10.0
SYN0599,5.708,2,0.182,0.888,23,0.981,0.492,0.237,11,6.374,0.936,1.57,0.453,0.603,14.876,24,4.76,9.0,6.44,10.0
SYN0600,5.807,5,0.833,0.531,12,1.432,0.774,0.563,6,4.561,4.147,1.23,0.559,0.665,13.227,24,4.27,8.52,6.37,8.2
SYN0601,6.816,6,0.857,0.464,23,0.375,0.465,0.427,7,1.865,2.09,0.328,0.533,0.05,16.042,26,3.21,9.82,6.95,10.0
SYN0602,1.747,6,0.429,0.258,20,1.445,0.702,0.282,14,6.575,1.116,2.338,0.826,0.786,18.233,21,6.47,9.64,8.17,9.99
SYN0603,5.594,3,0.2,0.482,14,0.448,0.484,0.146,15,0.477,1.477,1.095,0.221,0.669,10.849,28,2.87,6.56,7.19,7.84
SYN0604,6.988,9,0.818,0.481,2,0.814,0.561,0.71,11,4.128,1.515,1.951,0.406,0.848,13.808,14,4.88,8.58,6.75,5.53
SYN0605,1.619,5,1.0,0.167,13,1.469,0.776,0.628,5,8.396,4.337,1.4,0.587,0.259,13.898,24,6.63,8.24,6.52,7.95
SYN0606,1.012,3,0.375,0.569,10,0.311,0.928,0.451,8,5.794,2.27,1.71,0.496,0.033,12.1,32,7.61,7.74,7.82,7.55
SYN0607,3.179,9,2.25,0.543,16,0.745,0.657,0.155,4,5.366,3.561,0.975,0.158,0.422,15.238,26,5.62,6.69,6.28,7.61
SYN0608,1.993,2,0.167,0.556,4,0.366,0.429,0.692,12,6.703,1.925,1.177,0.359,0.899,7.717,20,6.02,5.38,7.78,6.34
SYN0609,6.617,9,0.75,0.746,5,0.079,0.371,0.917,12,0.164,2.044,0.517,0.447,0.058,14.618,25,3.36,8.77,6.3,6.14
SYN0610,5.745,1,0.091,0.649,4,1.058,0.885,0.386,11,6.398,1.023,2.113,0.524,0.506,9.059,17,6.44,5.58,7.29,4.54
SYN0611,5.173,6,0.6,0.747,24,0.251,0.652,0.94,10,7.944,0.449,0.34,0.688,0.688,18.693,31,6.57,10.0,6.32,10.0
SYN0612,6.258,7,0.875,0.661,20,1.049,0.765,0.764,8,4.94,0.777,0.47,0.691,0.454,16.774,23,4.59,10.0,6.78,10.0
SYN0613,5.114,4,0.308,0.529,1,0.518,0.709,0.012,13,4.646,3.62,0.173,0.296,0.071,5.175,22,4.93,5.4,5.47,3.06
SYN0614,6.575,6,0.6,0.647,6,0.769,0.78,0.567,10,0.175,0.362,1.049,0.497,0.369,12.03,17,4.1,7.88,7.59,6.67
SYN0615,6.908,6,0.857,0.2,19,0.684,0.394,0.409,7,8.267,3.252,1.644,0.628,0.646,16.816,15,5.11,10.0,6.68,10.0
SYN0616,6.234,0,0.0,0.671,3,1.392,0.614,0.782,8,3.721,1.332,1.641,0.767,0.543,8.065,24,4.2,5.02,7.13,5.24
SYN0617,2.824,8,0.667,0.236,22,0.002,0.833,0.48,12,8.319,2.344,1.896,0.26,0.119,19.778,16,8.06,10.0,6.79,10.0
SYN0618,6.746,2,0.333,0.264,10,0.277,0.442,0.88,6,7.725,3.15,0.402,0.759,0.588,10.806,31,4.42,7.89,6.76,7.94
SYN0619,5.239,1,0.067,0.88,6,1.201,0.443,0.337,15,5.44,0.848,0.367,0.177,0.55,4.95,23,3.66,4.8,4.16,5.67
SYN0620,1.811,9,0.562,0.592,6,1.398,0.675,0.882,16,5.016,4.018,1.665,0.577,0.635,16.725,29,6.48,8.98,6.78,7.05
SYN0621,3.657,3,0.3,0.751,7,0.264,0.796,0.849,10,7.311,1.007,2.17,0.627,0.736,13.121,24,7.82,7.0,6.29,7.76
SYN0622,3.446,5,0.385,0.133,8,1.31,0.664,0.461,13,5.032,0.498,2.332,0.403,0.299,13.428,17,5.94,7.42,6.36,5.81
SYN0623,5.26,6,0.667,0.573,20,1.479,0.711,0.617,9,5.932,4.01,0.516,0.333,0.009,16.143,21,4.78,9.77,5.62,9.7
SYN0624,4.778,2,0.125,0.394,13,0.824,0.544,0.68,16,2.549,1.584,1.54,0.866,0.803,13.27,21,4.99,7.93,7.76,9.17
SYN0625,6.834,5,0.714,0.485,18,0.048,0.615,0.01,7,9.649,0.532,2.147,0.181,0.902,13.642,29,6.73,8.98,7.33,9.54
SYN0626,5.706,0,0.0,0.677,22,1.385,0.439,0.855,12,9.948,2.49,1.086,0.339,0.889,15.293,23,4.92,8.68,6.73,10.0
SYN0627,2.603,8,1.0,0.252,14,0.763,0.065,0.654,8,5.308,0.729,2.126,0.685,0.048,17.453,21,4.69,10.0,7.74,9.2
SYN0628,0.981,7,0.875,0.541,12,0.28,0.417,0.137,8,9.324,3.457,0.565,0.119,0.259,11.559,24,6.56,8.28,6.17,6.43
SYN0629,2.148,6,0.667,0.153,11,0.01,0.841,0.218,9,1.662,3.73,2.174,0.24,0.947,14.604,14,7.46,7.71,6.03,8.46
SYN0630,1.631,7,0.636,0.255,8,1.05,0.704,0.181,11,6.686,0.766,2.044,0.621,0.502,12.843,31,7.14,7.85,7.11,6.38
SYN0631,6.236,0,0.0,0.397,16,0.392,0.32,0.874,9,7.318,3.839,0.816,0.908,0.702,13.131,26,4.43,8.01,7.51,9.45
SYN0632,2.867,7,0.583,0.728,3,1.486,0.118,0.601,12,1.822,4.214,1.304,0.323,0.353,10.903,29,3.1,7.36,5.87,4.85
SYN0633,2.754,1,0.111,0.382,22,0.362,0.271,0.05,9,5.119,3.886,0.952,0.765,0.088,11.752,24,5.48,7.41,6.15,9.94
SYN0634,7.115,3,0.429,0.599,9,1.652,0.441,0.689,7,1.122,2.395,1.397,0.508,0.931,12.069,17,2.81,7.3,6.38,7.17
SYN0635,2.588,4,0.667,0.431,17,0.506,0.602,0.583,6,4.38,2.525,2.123,0.812,0.349,16.037,28,6.34,8.02,8.46,9.54
SYN0636,3.567,9,0.818,0.342,3,1.394,0.377,0.452,11,0.819,0.065,0.888,0.362,0.795,11.124,27,3.48,7.3,8.1,5.39
SYN0637,1.381,2,0.133,0.527,25,0.139,0.434,0.275,15,9.164,2.594,2.147,0.087,0.844,16.536,17,7.87,8.77,6.6,10.0
SYN0638,1.661,6,0.6,0.523,25,1.227,0.291,0.08,10,2.486,3.859,0.433,0.814,0.35,15.221,25,4.05,10.0,5.99,10.0
SYN0639,5.884,8,0.533,0.562,7,1.215,0.5,0.787,15,4.962,1.706,1.055,0.587,0.209,13.68,31,4.16,8.86,6.87,7.22
SYN0640,6.38,6,1.2,0.43,21,0.568,0.459,0.357,5,7.899,0.521,1.005,0.319,0.838,17.191,27,4.4,9.35,7.47,10.0
SYN0641,3.442,6,0.6,0.073,13,1.372,0.316,0.323,10,8.916,1.506,2.112,0.687,0.189,14.897,12,6.58,9.65,6.81,7.76
SYN0642,3.428,6,1.0,0.162,17,1.283,0.472,0.418,6,4.021,3.128,2.086,0.586,0.537,17.433,31,4.36,9.02,7.14,8.85
SYN0643,2.979,3,0.188,0.406,4,0.771,0.75,0.839,16,8.208,3.49,1.873,0.295,0.523,10.096,27,7.13,6.94,6.78,5.64
SYN0644,4.028,3,0.429,0.452,4,0.395,0.868,0.637,7,4.191,0.104,1.376,0.29,0.924,8.509,17,6.41,5.71,7.41,5.9
SYN0645,4.94,7,0.636,0.175,19,1.426,0.693,0.781,11,8.402,2.895,0.284,0.816,0.144,17.478,29,5.14,10.0,6.18,9.65
SYN0646,1.682,6,0.75,0.835,3,1.686,0.538,0.673,8,1.724,0.449,1.351,0.719,0.099,11.032,13,4.45,7.02,5.64,5.72
SYN0647,1.804,2,0.125,0.074,14,1.226,0.308,0.031,16,3.39,2.141,0.854,0.44,0.563,8.158,26,4.61,6.94,6.01,7.94
SYN0648,4.953,2,0.333,0.112,24,0.866,0.793,0.025,6,8.236,1.423,2.225,0.503,0.111,14.33,14,6.66,8.55,6.5,10.0
SYN0649,1.05,2,0.286,0.467,6,0.613,0.556,0.911,7,2.699,0.37,2.297,0.059,0.843,12.895,24,6.2,6.5,7.6,7.84
SYN0650,2.995,1,0.143,0.1,1,1.65,0.744,0.584,7,3.508,1.72,0.446,0.362,0.581,6.053,17,4.88,3.95,4.87,4.94
SYN0651,2.556,9,0.562,0.509,17,1.147,0.331,0.456,16,0.236,3.371,1.136,0.932,0.846,16.667,25,3.74,10.0,6.83,9.33
SYN0652,4.139,3,0.3,0.757,11,1.665,0.489,0.951,10,5.042,0.528,1.442,0.596,0.856,12.807,17,4.79,8.68,6.13,7.79
SYN0653,6.33,5,0.556,0.78,8,1.349,0.721,0.612,9,0.034,2.345,1.878,0.727,0.003,13.203,14,3.27,8.25,6.08,5.95
SYN0654,1.603,7,1.0,0.369,24,1.218,0.706,0.082,7,8.546,4.094,1.107,0.537,0.219,16.981,15,6.47,9.67,5.65,10.0
SYN0655,4.102,1,0.111,0.163,11,0.852,0.798,0.189,9,2.598,3.815,0.177,0.636,0.03,6.647,30,4.24,5.42,5.0,5.67
SYN0656,6.311,6,0.545,0.068,5,1.201,0.587,0.653,11,5.133,2.684,1.876,0.861,0.325,11.956,19,4.79,7.04,7.08,5.92
SYN0657,1.739,3,0.333,0.645,5,0.938,0.364,0.628,9,7.863,4.385,0.928,0.509,0.173,8.151,25,5.41,6.19,6.26,5.75
SYN0658,1.632,1,0.25,0.499,1,1.113,0.52,0.429,4,7.514,1.01,1.984,0.654,0.725,7.993,21,6.11,3.62,8.32,4.44
SYN0659,2.122,4,0.4,0.939,24,1.358,0.628,0.961,10,0.831,4.496,1.353,0.644,0.826,19.456,17,3.46,10.0,4.17,10.0
SYN0660,5.273,6,0.667,0.129,14,1.449,0.687,0.473,9,8.299,2.981,1.451,0.924,0.109,14.806,28,4.22,8.29,6.91,8.14
SYN0661,2.736,4,0.25,0.213,25,0.643,0.704,0.433,16,2.528,3.322,0.952,0.69,0.66,16.155,21,5.26,9.93,6.91,10.0
SYN0662,4.681,3,0.25,0.524,22,0.729,0.414,0.874,12,5.027,0.804,0.296,0.597,0.405,15.146,12,4.11,9.97,7.05,10.0
SYN0663,1.292,5,0.625,0.595,8,1.467,0.438,0.528,8,0.042,4.257,1.268,0.648,0.105,11.642,30,3.35,6.67,6.79,6.46
SYN0664,2.494,0,0.0,0.247,4,1.002,0.606,0.105,7,6.303,1.746,2.236,0.58,0.751,5.427,28,6.51,4.63,6.9,5.87
SYN0665,3.733,8,0.889,0.66,15,0.579,0.765,0.166,9,5.285,3.903,1.148,0.492,0.056,14.218,15,6.02,8.89,6.89,7.97
SYN0666,1.422,9,0.818,0.648,8,0.069,0.531,0.015,11,7.228,2.471,1.915,0.9,0.257,14.185,18,7.44,7.83,8.37,5.01
SYN0667,1.755,1,0.1,0.584,13,0.938,0.797,0.69,10,2.459,3.824,2.207,0.576,0.839,13.817,16,6.25,7.33,7.37,8.58
SYN0668,3.066,8,0.5,0.455,24,1.181,0.585,0.855,16,5.034,0.992,0.173,0.757,0.368,18.727,27,4.63,10.0,7.06,10.0
SYN0669,5.239,6,0.4,0.785,3,0.159,0.48,0.994,15,4.906,3.691,1.467,0.611,0.337,13.353,15,5.58,8.41,6.86,5.6
SYN0670,2.842,1,0.167,0.298,11,0.616,0.281,0.812,6,4.619,1.022,1.013,0.346,0.991,11.508,25,4.95,6.38,6.76,8.34
SYN0671,1.361,7,1.0,0.364,9,1.283,0.391,0.723,7,2.165,2.19,0.841,0.165,0.503,13.332,26,4.33,7.74,6.71,7.71
SYN0672,2.387,6,0.429,0.485,2,0.763,0.569,0.683,14,1.438,4.255,2.084,0.814,0.921,12.002,34,5.66,7.58,7.73,6.34
SYN0673,5.393,7,0.538,0.111,17,1.561,0.467,0.694,13,7.802,3.498,0.734,0.435,0.772,16.419,30,4.09,10.0,6.03,9.61
SYN0674,3.621,4,0.25,0.591,17,1.012,0.648,0.851,16,5.867,3.882,0.693,0.913,0.18,15.427,17,5.38,9.22,7.47,10.0
SYN0675,6.133,5,0.357,0.268,10,0.268,0.517,0.032,14,1.757,0.466,1.106,0.924,0.413,11.208,30,4.11,6.97,8.26,6.26
SYN0676,1.899,6,0.75,0.516,3,0.766,0.945,0.446,8,7.785,3.997,1.692,0.536,0.808,10.103,20,7.61,6.06,7.06,5.97
SYN0677,4.21,9,2.25,0.702,12,1.047,0.726,0.219,4,6.047,0.572,1.727,0.629,0.048,16.515,30,5.98,6.9,7.2,6.67
SYN0678,3.642,5,0.833,0.379,7,1.0,0.389,0.723,6,5.057,2.458,0.828,0.033,0.772,12.428,21,4.85,7.09,6.81,7.11
SYN0679,4.421,0,0.0,0.393,7,0.295,0.322,0.331,13,8.535,0.267,1.541,0.783,0.683,6.435,24,5.09,4.4,7.92,5.34
SYN0680,5.792,9,1.286,0.75,19,0.725,0.137,0.538,7,6.451,0.551,2.021,0.911,0.058,20.527,31,3.67,10.0,6.61,9.68
SYN0681,6.884,1,0.167,0.503,10,1.0,0.917,0.775,6,2.682,0.418,0.607,0.308,0.181,9.647,34,4.31,7.12,6.84,7.68
SYN0682,6.837,4,0.364,0.373,9,0.651,0.413,0.229,11,0.045,2.669,1.635,0.851,0.061,10.0,15,3.91,7.0,8.05,5.6
SYN0683,2.766,4,0.571,0.563,8,1.133,0.233,0.638,7,2.609,2.725,0.435,0.856,0.502,9.692,20,3.21,6.53,6.92,6.09
SYN0684,1.411,2,0.133,0.899,13,1.41,0.576,0.59,15,5.582,1.594,0.955,0.697,0.666,12.363,20,6.18,7.58,5.22,7.63
SYN0685,3.035,8,0.667,0.485,23,0.743,0.819,0.168,12,3.051,0.975,1.905,0.94,0.169,18.253,17,6.24,10.0,8.46,10.0
SYN0686,5.441,6,1.0,0.654,7,1.001,0.919,0.17,6,1.625,4.149,0.346,0.445,0.17,9.619,13,4.39,6.81,5.65,6.33
SYN0687,2.927,0,0.0,0.723,21,0.067,0.93,0.575,13,2.456,3.434,1.362,0.143,0.42,12.485,28,6.79,8.41,6.15,10.0
SYN0688,3.302,6,1.5,0.697,23,0.894,0.803,0.09,4,8.262,2.966,2.079,0.686,0.937,17.794,21,6.89,7.61,6.59,10.0
SYN0689,5.35,6,0.667,0.606,15,0.304,0.542,0.42,9,9.186,0.142,2.082,0.489,0.045,15.397,25,6.66,8.54,7.34,8.19
SYN0690,4.278,0,0.0,0.635,10,1.185,0.186,0.267,5,2.673,3.459,0.528,0.505,0.824,6.973,26,1.6,4.55,6.66,7.43
SYN0691,5.723,5,0.333,0.547,2,0.477,0.595,0.063,15,0.121,4.308,1.49,0.3,0.742,7.349,14,3.57,5.72,6.14,4.72
SYN0692,0.804,0,0.0,0.867,2,0.518,0.628,0.456,13,9.562,2.351,0.771,0.592,0.451,5.266,23,7.6,3.84,5.23,4.63
SYN0693,5.116,6,0.375,0.187,3,0.625,0.449,0.747,16,5.713,4.223,0.486,0.477,0.777,9.884,13,4.01,6.43,5.8,5.36
SYN0694,2.585,3,0.333,0.81,8,1.2,0.485,0.027,9,4.83,1.98,0.625,0.541,0.548,6.489,17,4.05,6.12,5.18,5.49
SYN0695,2.528,1,0.077,0.088,11,0.371,0.721,0.415,13,3.047,3.659,1.717,0.646,0.4,10.831,22,6.33,5.66,6.58,6.34
SYN0696,4.839,9,1.5,0.272,18,0.718,0.799,0.206,6,8.389,3.431,1.055,0.228,0.475,17.663,30,5.48,8.82,5.4,9.3
SYN0697,5.074,9,0.75,0.605,7,1.313,0.276,0.534,12,8.224,1.386,0.74,0.89,0.591,13.824,33,4.36,9.73,7.0,6.4
SYN0698,2.824,9,0.6,0.055,14,0.764,0.233,0.368,15,9.962,2.387,2.307,0.394,0.659,17.166,13,6.24,9.22,5.86,7.79
SYN0699,1.19,8,1.6,0.496,22,0.377,0.303,0.759,5,9.211,0.463,1.614,0.332,0.631,19.662,13,7.07,10.0,6.7,10.0
SYN0700,6.539,1,0.091,0.46,18,0.296,0.453,0.966,11,9.514,0.827,1.605,0.468,0.385,14.247,27,5.49,8.65,7.04,9.97
SYN0701,6.164,3,0.231,0.305,6,1.091,0.267,0.006,13,1.786,3.311,0.814,0.743,0.374,6.523,12,1.76,4.67,6.99,5.0
SYN0702,3.068,0,0.0,0.531,23,0.1,0.656,0.754,6,2.423,1.432,2.05,0.286,0.754,16.522,26,6.39,8.04,7.23,10.0
SYN0703,2.28,6,0.4,0.345,12,1.486,0.754,0.939,15,4.001,0.685,0.595,0.349,0.604,14.971,28,4.75,9.64,7.05,9.3
SYN0704,4.385,7,0.5,0.13,6,1.634,0.671,0.966,14,9.486,2.561,1.068,0.281,0.89,14.161,16,5.05,8.19,6.0,6.65
SYN0705,2.312,5,0.312,0.525,20,0.318,0.448,0.948,16,8.075,4.028,1.979,0.237,0.764,18.236,16,6.6,10.0,7.03,10.0
SYN0706,1.023,7,0.7,0.151,22,0.386,0.186,0.321,10,9.011,3.796,1.208,0.172,0.671,17.074,33,6.47,10.0,5.79,10.0
SYN0707,7.003,2,0.5,0.199,14,1.035,0.838,0.401,4,9.154,2.558,2.348,0.683,0.085,13.376,19,6.28,7.34,6.78,7.56
SYN0708,6.787,6,0.462,0.26,24,1.091,0.982,0.939,13,4.908,0.542,0.518,0.586,0.316,18.931,12,5.28,10.0,6.63,10.0
SYN0709,3.926,5,1.25,0.287,2,0.249,0.254,0.071,4,1.983,2.179,0.622,0.333,0.996,6.096,26,3.81,5.13,6.46,3.62
SYN0710,0.867,8,0.8,0.79,1,1.176,0.366,0.786,10,6.299,4.399,1.698,0.929,0.961,12.194,29,5.59,7.4,6.08,5.96
SYN0711,2.363,9,1.8,0.377,4,0.546,0.582,0.666,5,9.218,0.211,1.257,0.946,0.829,12.53,21,6.75,7.09,6.46,5.86
SYN0712,7.164,3,0.231,0.248,19,0.65,0.705,0.544,13,3.993,4.268,1.564,0.75,0.608,14.694,24,4.3,9.34,5.82,9.37
SYN0713,5.395,5,0.333,0.449,1,0.855,0.391,0.043,15,7.198,2.723,1.237,0.412,0.093,7.762,34,3.96,4.31,7.46,3.23
SYN0714,1.998,2,0.125,0.505,11,0.953,0.661,0.111,16,6.562,0.146,2.387,0.844,0.678,10.674,20,6.77,6.56,7.48,6.91
SYN0715,5.835,8,0.571,0.454,3,0.754,0.618,0.339,14,2.439,1.225,2.122,0.587,0.18,12.066,30,4.77,7.47,8.0,4.96
SYN0716,5.569,1,0.067,0.563,15,0.01,0.637,0.396,15,2.387,3.732,0.985,0.219,0.429,11.383,31,4.43,6.93,6.61,7.7
SYN0717,4.55,2,0.5,0.48,6,1.171,0.773,0.597,4,2.313,0.505,1.611,0.762,0.43,8.897,26,4.51,6.69,7.49,5.98
SYN0718,2.791,4,0.286,0.623,20,0.479,0.446,0.016,14,5.611,3.233,1.489,0.65,0.845,14.377,24,6.07,8.54,7.29,10.0
SYN0719,3.111,1,0.091,0.435,8,1.648,0.572,0.296,11,8.637,0.694,1.099,0.739,0.027,7.456,18,5.6,5.22,7.8,6.33
SYN0720,6.882,6,0.545,0.143,6,0.435,0.366,0.265,11,7.097,4.359,1.797,0.257,0.988,11.317,13,4.36,7.58,4.89,5.71
SYN0721,5.63,8,0.571,0.678,4,0.941,0.329,0.671,14,4.6,2.461,0.166,0.207,0.474,11.795,29,3.32,9.01,5.81,5.67
SYN0722,1.906,0,0.0,0.564,5,1.173,0.584,0.289,13,0.399,3.909,2.224,0.234,0.896,7.462,31,5.52,4.0,6.66,5.93
SYN0723,6.67,9,0.6,0.124,2,0.232,0.507,0.175,15,2.789,0.622,2.313,0.478,0.608,13.024,27,4.61,7.87,7.37,5.25
SYN0724,5.185,2,0.2,0.227,20,1.058,0.196,0.985,10,2.134,0.696,1.89,0.314,0.493,17.0,18,3.62,9.63,7.05,10.0
SYN0725,6.941,6,0.6,0.711,2,0.405,0.814,0.796,10,1.353,1.294,1.788,0.099,0.132,12.077,12,4.35,6.32,5.33,5.48
SYN0726,3.991,6,0.545,0.471,2,0.417,0.419,0.847,11,8.096,1.816,2.299,0.763,0.267,13.275,32,6.24,7.28,9.42,5.01
SYN0727,5.243,9,0.643,0.449,20,1.342,0.433,0.74,14,8.887,3.662,0.182,0.313,0.417,19.2,21,4.31,10.0,6.59,10.0
SYN0728,6.506,1,0.167,0.19,18,1.369,0.582,0.562,6,3.394,1.132,0.159,0.248,0.919,10.498,18,3.68,6.4,5.53,9.14
SYN0729,3.935,2,0.143,0.289,16,0.109,0.808,0.205,14,5.259,2.457,1.237,0.426,0.077,11.805,34,6.33,6.63,6.46,8.25
SYN0730,5.559,9,0.692,0.403,22,0.754,0.515,0.542,13,9.711,3.853,2.081,0.481,0.141,20.242,24,6.09,10.0,6.79,10.0
SYN0731,5.461,8,0.8,0.622,25,0.609,0.888,0.338,10,7.869,1.867,1.345,0.37,0.353,19.252,16,6.55,10.0,6.61,10.0
SYN0732,4.03,9,0.818,0.798,18,1.697,0.057,0.867,11,7.302,2.037,2.306,0.41,0.268,22.256,28,4.36,10.0,7.1,10.0
SYN0733,5.454,8,0.615,0.723,9,1.136,0.089,0.476,13,4.848,3.801,1.998,0.8,0.21,14.873,20,3.24,8.77,7.15,6.68
SYN0734,3.001,6,0.375,0.582,19,0.547,0.599,0.888,16,5.845,2.826,1.384,0.967,0.251,17.549,13,6.49,9.31,7.18,10.0
SYN0735,7.037,2,0.222,0.642,15,1.13,0.581,0.956,9,1.137,1.389,1.305,0.483,0.839,13.777,32,2.89,8.25,5.59,9.58
SYN0736,1.389,6,1.0,0.53,1,1.253,0.359,0.166,6,4.2,2.163,2.238,0.39,0.384,9.034,30,5.94,6.68,7.64,3.82
SYN0737,1.3,8,0.5,0.634,5,1.507,0.715,0.549,16,8.36,4.201,2.238,0.646,0.119,14.537,30,7.26,8.32,7.1,6.45
SYN0738,6.079,0,0.0,0.71,18,1.067,0.513,0.984,4,5.809,3.165,0.309,0.799,0.525,13.612,29,3.26,7.94,6.67,9.57
SYN0739,3.708,1,0.111,0.47,10,0.628,0.767,0.411,9,5.251,3.876,2.309,0.84,0.681,10.087,32,6.57,5.44,7.62,6.67
SYN0740,1.273,8,1.6,0.156,13,1.44,0.958,0.007,5,4.018,3.219,2.062,0.904,0.219,15.377,30,6.44,7.3,6.67,7.07
SYN0741,2.487,8,0.571,0.465,11,0.782,0.433,0.997,14,1.91,1.594,1.154,0.57,0.84,17.146,18,5.08,10.0,7.02,8.49
SYN0742,5.69,7,0.5,0.497,24,0.378,0.605,0.982,14,5.374,0.471,0.322,0.133,0.936,20.779,22,4.88,10.0,5.95,10.0
SYN0743,2.808,6,0.375,0.839,15,1.05,0.815,0.303,16,7.78,1.202,1.109,0.432,0.025,14.511,19,6.81,8.38,6.48,7.1
SYN0744,5.994,1,0.1,0.403,16,0.86,0.354,0.453,10,9.17,2.706,1.732,0.624,0.56,12.915,34,5.79,7.53,8.15,9.16
SYN0745,6.691,4,0.286,0.415,13,1.453,0.468,0.797,14,0.24,2.1,0.616,0.433,0.177,12.281,32,1.87,8.05,6.39,7.34
SYN0746,3.866,9,1.8,0.524,6,0.131,0.625,0.943,5,8.912,0.445,1.922,0.433,0.059,16.723,29,7.28,8.33,7.3,7.07
SYN0747,7.175,9,0.562,0.65,8,1.651,0.281,0.749,16,5.751,2.906,1.015,0.349,0.414,16.104,12,3.25,9.83,5.99,7.67
SYN0748,1.83,0,0.0,0.832,8,0.457,0.652,0.221,6,4.21,1.611,1.816,0.197,0.636,7.3,24,6.85,5.22,5.52,5.62
SYN0749,5.75,5,1.0,0.559,13,1.383,0.319,0.218,5,5.676,3.52,0.953,0.551,0.183,12.293,24,3.78,7.04,7.25,7.68
SYN0750,0.871,8,0.889,0.541,9,1.325,0.79,0.229,9,0.008,2.11,0.693,0.461,0.739,11.205,33,4.52,7.89,7.0,7.04
SYN0751,1.444,9,0.818,0.716,10,0.024,0.479,0.095,11,1.943,3.143,1.96,0.393,0.965,13.628,18,5.8,8.24,6.71,6.9
SYN0752,3.515,8,0.8,0.16,18,0.132,0.439,0.32,10,3.012,1.488,1.172,0.069,0.657,16.08,14,4.89,10.0,5.63,9.19
SYN0753,3.328,0,0.0,0.297,21,1.175,0.373,0.138,6,2.883,0.43,0.801,0.32,0.075,10.465,30,3.99,7.15,6.94,8.94
SYN0754,6.503,3,0.2,0.847,19,0.222,0.806,0.614,15,0.464,0.34,1.856,0.582,0.228,15.066,17,3.74,8.81,6.46,10.0
SYN0755,2.281,9,1.125,0.301,7,0.517,0.357,0.428,8,0.05,1.187,1.302,0.338,0.583,13.495,25,4.51,7.25,5.68,6.69
SYN0756,6.036,4,0.286,0.591,8,0.606,0.445,0.066,14,4.879,4.038,2.311,0.378,0.916,10.5,15,4.72,7.24,6.51,6.4
SYN0757,6.218,5,0.833,0.235,11,1.134,0.359,0.408,6,7.619,3.963,1.447,0.914,0.911,13.225,24,3.68,7.65,6.67,8.17
SYN0758,1.232,7,0.5,0.748,8,0.551,0.46,0.749,14,2.464,2.6,1.079,0.506,0.59,13.224,31,5.47,7.72,6.22,7.09
SYN0759,1.325,3,0.214,0.343,3,0.05,0.172,0.472,14,1.66,3.735,0.159,0.287,0.554,7.026,29,4.59,5.17,5.92,5.21
SYN0760,1.557,1,0.125,0.284,15,0.675,0.734,0.831,8,1.644,3.791,0.817,0.462,0.46,12.761,30,5.83,7.2,6.27,9.05
SYN0761,3.27,9,1.125,0.407,13,1.222,0.657,0.026,8,6.819,2.478,0.642,0.685,0.17,14.04,30,5.94,8.51,7.21,6.52
SYN0762,2.469,9,2.25,0.438,22,0.713,0.329,0.691,4,0.886,0.279,0.31,0.882,0.909,18.228,24,4.24,9.48,7.21,10.0
SYN0763,4.975,0,0.0,0.395,2,0.256,0.337,0.404,4,5.443,0.148,2.321,0.546,0.935,6.603,20,6.63,3.08,7.88,5.07
SYN0764,3.466,7,0.538,0.873,13,0.1,0.233,0.791,13,1.16,3.946,1.911,0.269,0.162,18.081,29,4.54,9.65,5.5,8.96
SYN0765,4.169,4,0.444,0.18,20,0.362,0.62,0.86,9,1.875,0.323,1.397,0.685,0.999,16.48,32,5.33,10.0,6.83,10.0
SYN0766,2.244,5,0.714,0.307,6,0.661,0.621,0.323,7,7.577,2.236,0.852,0.289,0.809,10.47,26,5.88,6.3,6.04,5.55
SYN0767,6.647,5,0.5,0.384,8,1.668,0.685,0.505,10,8.865,3.833,0.565,0.82,0.76,10.304,23,4.81,7.37,7.08,6.72
SYN0768,0.978,4,0.286,0.375,14,1.464,0.431,0.103,14,0.051,4.358,2.356,0.842,0.972,13.758,27,4.89,7.88,7.27,8.17
SYN0769,3.96,1,0.2,0.605,18,0.252,0.897,0.327,5,1.555,0.867,2.4,0.439,0.452,14.279,19,5.85,8.27,6.96,8.06
SYN0770,2.956,0,0.0,0.239,5,0.28,0.558,0.359,16,4.894,4.412,1.497,0.78,0.851,5.706,21,6.06,4.75,7.3,4.41
SYN0771,2.277,1,0.077,0.244,4,1.581,0.496,0.733,13,6.288,2.478,0.544,0.683,0.498,8.123,32,4.97,5.29,7.14,5.62
SYN0772,4.504,1,0.071,0.2,23,0.756,0.808,0.332,14,3.232,1.55,1.259,0.516,0.566,12.83,21,5.22,8.55,6.03,10.0
SYN0773,0.796,1,0.067,0.165,25,0.465,0.605,0.414,15,9.264,1.882,1.41,0.802,0.635,15.18,18,7.17,9.03,6.27,10.0
SYN0774,6.218,4,0.5,0.368,11,1.365,0.642,0.141,8,2.505,0.957,1.303,0.718,0.111,10.255,19,4.29,6.75,7.95,6.79
SYN0775,2.75,4,0.308,0.739,6,0.627,0.426,0.621,13,3.379,2.699,0.957,0.238,0.226,9.739,16,4.61,6.43,6.39,5.5
SYN0776,4.601,7,1.167,0.396,5,0.045,0.58,0.59,6,8.998,1.721,0.622,0.806,0.819,11.864,18,6.38,7.22,7.51,6.4
SYN0777,4.156,5,1.25,0.446,8,0.36,0.638,0.002,4,6.461,0.827,1.459,0.707,0.377,10.316,20,6.09,5.54,7.84,5.13
SYN0778,4.598,0,0.0,0.977,12,1.236,0.33,0.916,15,5.345,0.34,0.896,0.548,0.196,11.103,15,4.67,6.5,5.72,8.0
SYN0779,3.435,6,0.667,0.177,14,0.114,0.155,0.648,9,4.768,0.247,1.64,0.877,0.675,15.561,32,4.12,8.9,7.7,9.08
SYN0780,3.806,6,0.857,0.564,18,0.605,0.432,0.72,7,6.471,1.654,0.647,0.288,0.193,15.123,19,4.74,9.77,7.04,9.37
SYN0781,4.196,2,0.286,0.22,13,0.646,0.251,0.258,7,4.909,2.492,1.953,0.85,0.896,12.376,16,5.12,6.98,7.16,8.91
SYN0782,5.994,5,0.833,0.757,8,1.482,0.511,0.316,6,3.454,4.33,2.197,0.421,0.751,12.513,25,3.91,7.5,5.84,7.12
SYN0783,1.77,9,1.125,0.913,5,0.535,0.401,0.766,8,7.507,3.941,1.75,0.207,0.614,15.328,18,6.33,9.28,5.1,6.61
SYN0784,4.441,4,0.4,0.566,16,0.784,0.662,0.345,10,4.927,2.553,2.08,0.284,0.052,13.502,19,5.5,7.8,7.53,8.62
SYN0785,5.124,2,0.125,0.229,2,1.575,0.915,0.488,16,7.659,2.004,1.04,0.744,0.98,6.914,18,5.85,4.99,7.37,5.63
SYN0786,1.685,0,0.0,0.388,18,0.346,0.814,0.51,15,9.385,3.111,1.512,0.835,0.009,11.988,33,7.97,8.46,8.39,8.28
SYN0787,4.596,0,0.0,0.709,5,0.445,0.197,0.374,12,8.249,4.361,2.118,0.336,0.345,8.627,34,5.04,4.05,6.94,5.62
SYN0788,2.109,8,0.533,0.618,10,0.104,0.498,0.076,15,2.136,1.486,1.325,0.535,0.458,12.482,13,5.86,8.91,7.98,6.6
SYN0789,4.056,5,0.5,0.19,9,0.061,0.325,0.484,10,1.028,0.42,0.973,0.901,0.47,12.242,26,3.75,8.24,6.13,6.82
SYN0790,1.739,1,0.091,0.844,18,0.114,0.36,0.247,11,9.519,4.443,1.452,0.799,0.4,11.068,26,7.3,6.81,5.69,8.82
SYN0791,5.129,8,1.0,0.935,7,0.011,0.881,0.179,8,7.539,1.935,1.41,0.891,0.739,11.262,22,7.25,7.7,6.53,5.81
SYN0792,6.994,0,0.0,0.229,5,1.506,0.499,0.95,16,7.934,2.111,2.22,0.185,0.922,9.657,31,5.27,5.86,6.76,6.82
SYN0793,6.077,4,0.667,0.302,2,0.593,0.531,0.47,6,7.574,3.754,1.913,0.719,0.475,9.231,34,5.1,5.52,6.43,5.28
SYN0794,3.344,0,0.0,0.526,10,1.324,0.185,0.824,13,2.815,0.623,1.668,0.449,0.957,10.164,14,3.3,5.92,7.34,8.59
SYN0795,0.786,0,0.0,0.719,4,0.569,0.921,0.037,9,7.021,0.197,1.043,0.21,0.572,3.7,20,8.21,2.81,5.15,3.52
SYN0796,6.67,3,0.429,0.275,3,1.02,0.326,0.252,7,2.425,4.033,1.287,0.244,0.24,6.572,18,4.17,6.02,5.75,4.24
SYN0797,4.973,6,0.667,0.347,9,1.459,0.473,0.29,9,0.394,0.155,2.131,0.61,0.086,13.501,24,3.9,7.34,7.08,6.09
SYN0798,2.896,3,0.5,0.793,24,0.337,0.202,0.381,6,7.128,3.747,0.602,0.383,0.589,13.868,26,4.28,9.22,5.43,10.0
SYN0799,6.056,0,0.0,0.643,9,0.11,0.42,0.051,6,7.396,0.222,0.741,0.41,0.417,5.121,32,5.76,4.81,7.59,6.17
SYN0800,5.083,6,0.5,0.078,25,0.78,0.694,0.347,12,7.178,0.331,2.013,0.65,0.245,20.073,25,5.84,10.0,5.94,10.0
SYN0801,7.062,1,0.083,0.625,20,0.396,0.348,0.486,12,4.789,3.9,1.295,0.788,0.81,12.761,19,3.33,8.3,6.53,9.68
SYN0802,1.271,6,0.375,0.298,23,0.875,0.637,0.95,16,9.895,1.462,0.571,0.55,0.318,18.965,16,6.65,10.0,6.39,10.0
SYN0803,2.798,9,0.818,0.232,12,1.631,0.598,0.572,11,9.534,0.626,2.304,0.827,0.533,16.895,15,6.91,9.36,7.33,8.43
SYN0804,4.935,0,0.0,0.717,6,0.889,0.55,0.992,4,6.265,2.892,1.891,0.847,0.34,9.312,32,4.65,5.79,7.38,6.67
SYN0805,4.416,0,0.0,0.763,8,1.447,0.792,0.384,10,8.864,0.061,2.293,0.523,0.711,8.398,34,6.8,4.74,6.75,7.49
SYN0806,5.476,4,1.0,0.337,21,1.296,0.524,0.496,4,0.497,1.712,2.182,0.803,0.219,16.863,14,3.8,9.8,8.87,9.5
SYN0807,5.007,6,0.667,0.568,18,1.26,0.51,0.429,9,1.6,1.874,1.263,0.63,0.154,16.63,26,3.26,9.77,7.77,9.38
SYN0808,4.658,3,0.5,0.488,7,1.117,0.358,0.997,6,6.905,3.899,0.221,0.196,0.361,10.865,31,4.14,7.52,5.36,7.21
SYN0809,0.753,7,1.0,0.234,19,0.078,0.396,0.845,7,5.903,1.213,1.924,0.335,0.925,18.695,16,6.25,10.0,6.79,10.0
SYN0810,1.562,0,0.0,0.381,3,0.237,0.434,0.233,8,2.238,2.212,2.082,0.907,0.657,6.509,20,6.28,4.07,7.49,5.32
SYN0811,6.011,2,0.167,0.199,12,0.189,0.392,0.715,12,3.501,1.317,2.298,0.2,0.585,13.123,14,3.94,7.6,6.22,9.14
SYN0812,2.732,3,0.2,0.638,14,0.775,0.752,0.846,15,6.678,3.737,0.993,0.542,0.174,13.396,28,6.2,8.56,7.0,8.6
SYN0813,3.25,0,0.0,0.509,14,0.409,0.891,0.941,13,3.108,0.146,0.892,0.822,0.914,12.159,25,5.37,7.58,7.78,9.48
SYN0814,5.644,4,0.25,0.712,3,1.118,0.719,0.401,16,3.663,3.866,0.476,0.647,0.471,8.026,26,3.81,6.02,5.7,4.64
SYN0815,2.853,9,2.25,0.775,23,0.345,0.392,0.796,4,8.866,3.086,2.075,0.64,0.107,21.53,16,6.7,9.83,6.26,10.0
SYN0816,1.522,5,0.312,0.079,14,0.24,0.477,0.82,16,1.556,0.441,1.387,0.291,0.679,15.302,27,5.68,9.2,6.13,9.69
SYN0817,3.633,0,0.0,0.509,24,0.138,0.724,0.742,11,5.207,2.522,1.399,0.225,0.761,14.439,32,6.44,8.45,6.37,10.0
SYN0818,2.037,6,0.429,0.687,23,1.23,0.422,0.889,14,8.301,2.993,1.154,0.312,0.281,18.537,29,5.8,10.0,6.58,10.0
SYN0819,4.255,5,0.312,0.38,22,0.657,0.377,0.009,16,5.375,3.045,1.68,0.561,0.51,15.972,32,4.63,9.42,7.43,9.95
SYN0820,1.541,4,0.267,0.624,9,0.953,0.586,0.217,15,0.064,1.671,1.871,0.172,0.935,10.863,27,5.6,7.16,6.16,7.48
SYN0821,4.6,7,0.7,0.505,4,1.17,0.496,0.241,10,3.544,0.479,1.82,0.51,0.94,10.981,27,4.72,7.18,6.64,5.17
SYN0822,3.806,4,1.0,0.203,25,1.624,0.762,0.886,4,1.759,1.909,1.787,0.076,0.416,18.915,21,5.17,10.0,5.88,10.0
SYN0823,2.174,9,0.9,0.437,18,1.661,0.524,0.377,10,5.587,4.326,0.157,0.299,0.228,16.563,34,4.82,9.55,5.93,9.18
SYN0824,6.889,9,1.8,0.518,2,1.543,0.153,0.082,5,4.517,0.577,0.503,0.925,0.446,9.442,24,1.81,4.52,6.76,4.23
SYN0825,4.118,8,0.571,0.361,11,0.274,0.141,0.988,14,3.559,3.32,1.394,0.599,0.632,17.527,34,3.93,10.0,7.5,9.2
SYN0826,6.089,2,0.154,0.27,6,1.266,0.783,0.507,13,0.887,3.776,0.625,0.681,0.054,7.914,17,3.37,5.5,6.6,6.33
SYN0827,3.947,6,0.545,0.299,8,1.364,0.874,0.077,11,6.139,2.371,0.752,0.235,0.056,9.739,17,5.02,6.51,5.76,6.05
SYN0828,3.973,5,0.333,0.227,19,0.932,0.878,0.145,15,3.222,4.325,0.92,0.272,0.184,13.936,14,4.52,8.19,6.35,8.37
SYN0829,6.108,6,1.0,0.756,4,1.184,0.671,0.825,6,7.233,2.497,0.866,0.132,0.009,12.182,27,4.41,6.72,5.53,4.97
SYN0830,4.741,9,0.9,0.607,24,0.055,0.793,0.892,10,3.286,4.256,2.233,0.833,0.963,23.551,25,5.54,10.0,7.54,10.0
SYN0831,2.171,4,1.0,0.795,6,1.249,0.41,0.912,4,1.848,1.056,0.854,0.679,0.297,12.33,20,5.03,8.04,6.86,6.87
SYN0832,2.29,5,1.25,0.634,3,0.201,0.922,0.99,4,0.081,3.612,0.791,0.354,0.065,10.408,13,5.34,7.11,6.64,6.42
SYN0833,7.136,9,2.25,0.543,25,0.12,0.742,0.749,4,5.936,0.789,1.577,0.219,0.664,23.509,31,5.69,10.0,6.71,10.0
SYN0834,3.194,9,1.125,0.815,20,1.348,0.822,0.149,8,0.022,1.911,0.55,0.838,0.675,16.536,19,4.69,9.82,5.91,9.85
SYN0835,6.921,8,0.8,0.323,25,1.374,0.504,0.134,10,3.298,0.094,0.755,0.399,0.974,18.671,32,3.62,10.0,6.32,10.0
SYN0836,2.468,7,0.5,0.531,4,1.427,0.707,0.549,14,2.014,0.169,1.482,0.557,0.212,11.553,21,5.14,6.82,6.97,5.74
SYN0837,6.959,6,0.545,0.419,21,0.038,0.735,0.261,11,4.403,0.369,0.209,0.809,0.716,15.669,15,4.32,10.0,7.04,10.0
SYN0838,2.818,5,1.0,0.562,9,0.957,0.795,0.966,5,6.107,2.878,1.129,0.657,0.646,14.39,25,6.65,7.4,7.62,7.87
SYN0839,2.721,2,0.133,0.784,3,0.802,0.874,0.844,15,3.304,4.412,1.686,0.263,0.745,10.276,21,5.23,5.85,4.86,5.35
SYN0840,2.321,4,0.308,0.164,22,0.655,0.913,0.022,13,0.795,3.439,1.138,0.86,0.649,12.963,21,5.4,8.31,5.75,10.0
SYN0841,6.574,7,0.636,0.408,13,0.557,0.216,0.304,11,2.813,2.83,0.731,0.378,0.233,13.395,33,3.32,8.7,6.37,8.14
SYN0842,1.277,0,0.0,0.766,8,1.603,0.893,0.909,11,9.148,2.725,1.981,0.236,0.273,10.46,19,8.47,5.8,6.03,6.77
SYN0843,3.002,3,0.273,0.376,25,1.333,0.524,0.265,11,1.503,4.312,1.23,0.46,0.298,14.725,27,4.16,8.68,6.78,10.0
SYN0844,1.078,0,0.0,0.713,14,0.633,0.667,0.263,14,2.442,4.424,1.951,0.77,0.914,11.254,16,6.56,6.12,7.2,8.24
SYN0845,6.65,0,0.0,0.095,25,1.132,0.62,0.399,4,3.144,0.362,1.382,0.8,0.788,13.858,25,4.66,8.86,5.98,10.0
SYN0846,1.305,6,0.5,0.648,13,0.931,0.22,0.369,12,3.431,2.702,0.994,0.692,0.233,12.69,17,4.48,8.32,6.42,7.82
SYN0847,0.813,4,0.364,0.619,3,0.431,0.807,0.032,11,4.846,2.03,0.698,0.719,0.5,5.49,26,6.7,5.48,7.08,4.19
SYN0848,4.637,4,0.8,0.058,16,1.097,0.739,0.7,5,8.594,1.861,2.233,0.436,0.505,15.583,16,6.32,9.12,6.08,10.0
SYN0849,3.42,5,0.417,0.803,18,1.024,0.414,0.523,12,7.059,3.048,2.34,0.796,0.361,17.188,15,5.67,9.85,6.48,9.49
SYN0850,2.036,1,0.077,0.136,24,0.094,0.202,0.189,13,1.271,2.73,1.987,0.314,0.574,15.232,19,6.0,8.37,6.62,10.0
SYN0851,1.36,1,0.083,0.556,3,0.503,0.827,0.356,12,1.958,0.243,0.291,0.397,0.672,3.991,13,5.11,3.66,5.99,4.85
SYN0852,2.67,5,0.556,0.346,10,0.553,0.541,0.407,9,6.139,4.072,0.751,0.217,0.917,11.904,12,5.37,7.73,5.88,6.89
SYN0853,4.865,9,1.8,0.034,24,0.895,0.618,0.404,5,1.414,3.709,2.231,0.239,0.782,22.302,30,4.9,9.2,5.79,10.0
SYN0854,2.461,9,0.562,0.077,21,1.077,0.536,0.703,16,1.579,0.137,2.31,0.76,0.493,20.981,18,4.38,10.0,7.01,10.0
SYN0855,2.619,2,0.133,0.77,6,0.446,0.655,0.451,15,8.046,3.117,1.516,0.891,0.635,9.987,30,6.47,5.83,6.98,5.89
SYN0856,0.929,6,0.667,0.518,17,0.753,0.606,0.074,9,3.894,4.315,1.088,0.63,0.727,13.029,24,6.15,8.73,6.98,8.24
SYN0857,5.596,1,0.062,0.516,4,1.292,0.678,0.765,16,7.299,2.521,2.289,0.522,0.26,10.646,13,6.07,5.57,7.13,6.0
SYN0858,4.525,1,0.067,0.761,24,0.376,0.974,0.865,15,7.591,1.818,1.56,0.476,0.661,17.098,17,6.68,10.0,5.95,10.0
SYN0859,6.372,2,0.167,0.898,8,0.635,0.205,0.727,12,6.815,3.743,1.241,0.918,0.279,11.119,19,3.62,6.69,5.73,7.24
SYN0860,4.436,5,0.833,0.33,11,1.525,0.606,0.503,6,6.227,1.235,1.744,0.758,0.684,14.571,17,4.91,8.07,8.14,8.43
SYN0861,1.466,9,0.692,0.631,12,1.338,0.2,0.112,13,4.033,2.382,1.11,0.858,0.818,13.13,15,4.31,9.15,7.96,7.63
SYN0862,2.827,7,0.5,0.669,9,1.291,0.724,0.049,14,6.284,3.448,1.131,0.434,0.971,10.826,18,5.93,7.96,7.1,6.46
SYN0863,2.869,3,0.273,0.732,12,0.417,0.294,0.856,11,9.314,3.711,1.057,0.923,0.206,13.876,21,5.78,7.92,6.22,8.11
SYN0864,4.15,5,0.5,0.354,12,1.254,0.485,0.785,10,8.384,0.979,0.703,0.165,0.139,14.423,24,5.27,9.03,6.89,7.99
SYN0865,3.805,8,1.0,0.386,1,1.413,0.683,0.505,8,4.561,1.686,0.304,0.7,0.604,8.92,18,4.37,6.07,7.02,5.25
SYN0866,4.08,3,0.25,0.612,15,0.738,0.596,0.613,12,6.486,3.188,1.587,0.467,0.493,13.495,25,5.92,7.87,6.76,8.86
SYN0867,4.485,9,2.25,0.369,4,0.588,0.864,0.333,4,2.523,2.047,0.665,0.589,0.894,10.793,29,4.89,5.45,7.56,5.34
SYN0868,3.953,6,0.75,0.172,16,0.525,0.422,0.62,8,3.141,1.07,0.475,0.43,0.674,14.877,23,3.72,9.39,6.17,8.96
SYN0869,3.96,6,0.6,0.227,25,0.329,0.237,0.638,10,4.44,1.353,1.196,0.263,0.979,19.646,27,4.52,10.0,5.8,10.0
SYN0870,1.509,5,0.333,0.752,16,1.596,0.885,0.191,15,8.246,0.453,0.325,0.756,0.94,11.882,32,6.46,8.42,5.48,8.36
SYN0871,1.858,8,0.889,0.255,25,0.402,0.544,0.677,9,3.529,0.891,1.114,0.621,0.489,20.614,16,5.51,10.0,7.03,10.0
SYN0872,2.198,5,1.0,0.86,20,0.796,0.791,0.672,5,2.25,2.159,1.887,0.45,0.022,18.301,33,6.33,9.64,5.26,10.0
SYN0873,5.93,6,0.667,0.321,11,0.309,0.311,0.523,9,4.292,2.625,0.349,0.487,0.076,12.479,17,3.63,8.57,5.77,8.02
SYN0874,4.506,8,0.615,0.489,25,0.541,0.323,0.686,13,3.17,1.289,0.322,0.428,0.765,19.996,14,4.04,10.0,7.36,10.0
SYN0875,5.166,2,0.5,0.246,19,0.368,0.75,0.537,4,8.978,3.879,2.263,0.639,0.261,15.419,18,6.88,8.93,7.06,9.85
SYN0876,1.9,2,0.167,0.478,25,0.671,0.847,0.991,12,6.614,2.174,0.394,0.637,0.373,16.716,32,5.75,10.0,7.02,10.0
SYN0877,1.31,2,0.5,0.348,22,0.51,0.744,0.827,4,1.618,3.802,1.622,0.443,0.037,17.246,33,6.11,8.88,7.62,10.0
SYN0878,2.326,9,2.25,0.756,22,1.697,0.565,0.069,4,8.634,2.514,0.375,0.431,0.011,16.122,15,6.46,8.15,6.11,9.81
SYN0879,6.559,2,0.125,0.854,24,1.58,0.186,0.514,16,1.416,3.794,1.508,0.324,0.828,15.363,31,2.18,9.26,5.09,10.0
SYN0880,5.922,1,0.091,0.435,23,1.2,0.205,0.907,11,7.652,0.677,1.372,0.42,0.583,16.368,30,4.45,9.44,7.75,10.0
SYN0881,3.65,7,0.636,0.229,2,1.519,0.533,0.232,11,6.346,2.499,0.872,0.54,0.454,9.774,26,4.24,6.76,6.53,4.37
SYN0882,2.519,4,0.444,0.484,22,1.431,0.772,0.228,9,1.77,2.611,1.095,0.812,0.5,15.916,22,5.07,9.33,6.7,9.98
SYN0883,6.282,9,1.125,0.469,4,0.92,0.725,0.891,8,3.599,2.609,2.152,0.899,0.484,16.975,27,4.34,9.06,7.84,7.34
SYN0884,2.982,5,0.455,0.281,22,0.98,0.296,0.609,11,2.578,3.084,1.339,0.396,0.922,18.525,34,4.45,10.0,5.44,10.0
SYN0885,5.782,7,1.75,0.3,15,1.013,0.743,0.825,4,1.443,1.003,1.204,0.199,0.67,16.059,26,4.3,6.9,6.92,10.0
SYN0886,3.426,2,0.143,0.812,8,0.327,0.673,0.028,14,8.482,4.264,1.423,0.787,0.88,7.403,16,6.45,5.24,5.56,5.71
SYN0887,5.35,0,0.0,0.758,18,0.572,0.682,0.962,4,6.318,3.441,1.321,0.715,0.324,15.006,25,5.54,7.81,6.55,10.0
SYN0888,0.894,8,0.8,0.533,22,0.307,0.699,0.888,10,9.171,0.154,2.174,0.707,0.415,21.41,30,8.44,10.0,7.31,10.0
SYN0889,4.109,7,1.167,0.611,10,0.965,0.652,0.3,6,4.271,1.055,1.861,0.579,0.079,12.842,28,5.12,7.5,8.2,7.2
SYN0890,1.656,2,0.133,0.835,12,0.506,0.717,0.068,15,8.684,1.211,1.084,0.752,0.681,8.856,20,7.36,6.33,6.49,6.46
SYN0891,3.828,5,0.625,0.578,16,0.241,0.487,0.01,8,0.49,0.396,0.734,0.687,0.075,12.354,29,3.92,8.74,6.63,7.29
SYN0892,1.322,0,0.0,0.187,16,1.138,0.557,0.55,15,7.209,0.568,0.66,0.135,0.575,11.252,27,5.56,6.71,5.51,8.69
SYN0893,4.181,5,0.556,0.626,20,0.28,0.215,0.303,9,8.592,4.477,2.317,0.681,0.13,17.171,28,6.04,9.39,7.24,9.89
SYN0894,4.438,7,0.467,0.376,15,0.816,0.314,0.304,15,8.967,2.335,0.521,0.584,0.307,14.626,33,4.44,8.45,6.54,7.87
SYN0895,5.659,3,0.375,0.571,2,1.065,0.563,0.478,8,1.274,3.955,1.062,0.778,0.033,7.368,31,3.54,6.02,7.9,4.91
SYN0896,6.699,0,0.0,0.712,4,1.279,0.505,0.491,5,8.663,1.895,2.332,0.369,0.527,8.702,26,5.39,4.5,6.1,4.99
SYN0897,6.121,5,0.385,0.335,3,1.671,0.561,0.236,13,3.244,0.192,0.606,0.526,0.453,6.689,32,3.17,6.06,6.44,4.37
SYN0898,5.494,5,0.556,0.245,21,0.423,0.766,0.061,9,4.329,4.277,1.976,0.328,0.231,15.964,30,5.93,9.33,6.41,10.0
SYN0899,4.535,2,0.125,0.642,8,1.406,0.718,0.679,16,0.505,4.436,1.102,0.373,0.253,10.339,29,3.22,7.07,5.75,6.67
SYN0900,2.196,0,0.0,0.317,16,1.205,0.48,0.804,9,9.56,1.2,2.395,0.058,0.675,15.131,24,6.89,7.9,6.54,9.37
SYN0901,3.12,1,0.167,0.223,25,0.879,0.381,0.886,6,9.034,1.572,1.822,0.551,0.314,17.746,15,6.57,9.53,6.96,10.0
SYN0902,4.047,2,0.25,0.475,3,1.141,0.881,0.874,8,0.008,1.961,0.315,0.247,0.385,8.462,33,3.89,5.25,6.51,5.61
SYN0903,1.934,3,0.2,0.086,4,1.444,0.699,0.501,15,0.982,2.673,0.236,0.628,0.243,7.229,25,4.92,5.57,5.25,4.87
SYN0904,4.128,5,0.5,0.352,13,1.29,0.602,0.012,10,9.492,3.215,0.502,0.029,0.944,9.882,16,5.14,6.98,5.74,7.62
SYN0905,3.73,3,0.2,0.455,17,1.292,0.688,0.347,15,2.841,2.469,1.076,0.518,0.373,13.542,22,4.85,7.07,7.81,9.04
SYN0906,3.502,5,0.357,0.587,8,1.574,0.582,0.72,14,1.347,2.382,2.313,0.69,0.704,14.094,19,5.06,7.96,7.11,7.93
SYN0907,3.827,9,0.562,0.329,22,0.261,0.722,0.337,16,0.238,0.26,0.92,0.482,0.551,17.915,27,4.51,10.0,6.31,10.0
SYN0908,2.714,1,0.1,0.185,17,0.374,0.719,0.618,10,2.26,0.08,1.706,0.75,0.153,13.677,34,6.11,8.04,6.56,8.82
SYN0909,1.644,2,0.182,0.885,8,0.064,0.837,0.468,11,8.531,4.39,0.38,0.446,0.826,7.201,28,7.34,5.7,5.34,5.6
SYN0910,0.778,1,0.1,0.404,6,0.37,0.461,0.635,10,0.336,2.506,1.949,0.508,0.829,10.353,21,5.68,6.06,8.16,7.17
SYN0911,2.387,8,1.333,0.388,8,1.476,0.505,0.074,6,8.356,0.494,1.349,0.715,0.122,11.554,15,5.67,6.58,7.54,5.62
SYN0912,1.254,4,0.364,0.434,20,0.213,0.731,0.486,11,5.602,3.011,0.626,0.609,0.104,15.457,29,6.5,8.99,7.6,9.68
SYN0913,1.259,3,0.5,0.182,10,0.53,0.939,0.792,6,8.067,4.062,1.17,0.443,0.022,11.211,23,7.67,6.9,5.72,7.48
SYN0914,5.67,7,0.778,0.688,24,0.455,0.342,0.921,9,5.253,0.017,2.271,0.571,0.999,21.93,17,5.24,10.0,7.03,10.0
SYN0915,3.205,3,0.5,0.517,23,1.098,0.722,0.406,6,3.323,1.832,0.363,0.505,0.061,14.059,28,4.38,9.61,7.21,9.96
SYN0916,4.831,9,0.75,0.52,21,0.419,0.599,0.956,12,8.616,2.942,0.855,0.909,0.074,19.812,34,5.96,10.0,7.85,10.0
SYN0917,0.854,1,0.125,0.476,22,1.125,0.523,0.342,8,9.401,1.03,2.368,0.305,0.36,16.044,13,7.24,9.18,7.37,10.0
SYN0918,4.772,5,0.714,0.528,4,1.691,0.536,0.913,7,2.73,2.229,1.776,0.758,0.858,13.652,19,4.29,7.16,6.88,6.87
SYN0919,4.297,1,0.125,0.747,25,0.819,0.703,0.478,8,2.29,1.437,1.517,0.335,0.393,16.268,29,4.29,8.39,5.91,10.0
SYN0920,2.665,3,0.231,0.892,22,1.661,0.98,0.599,13,2.373,2.976,1.22,0.789,0.604,16.681,13,5.26,10.0,6.53,10.0
SYN0921,0.746,1,0.062,0.821,3,0.706,0.733,0.968,16,7.47,2.821,0.334,0.023,0.764,7.574,21,6.6,5.09,4.72,5.84
SYN0922,5.123,8,0.8,0.597,4,0.839,0.416,0.725,10,0.702,0.623,2.373,0.879,0.411,15.376,28,4.18,7.7,7.74,6.84
SYN0923,1.11,3,0.75,0.167,14,1.033,0.855,0.435,4,0.15,1.097,0.657,0.537,0.18,10.988,29,5.97,8.23,6.43,6.94
SYN0924,6.625,2,0.2,0.459,6,1.592,0.525,0.301,10,5.202,3.421,0.709,0.727,0.972,6.263,21,3.51,4.96,7.63,5.72
SYN0925,4.632,8,2.0,0.673,23,0.591,0.918,0.389,4,8.888,3.51,1.344,0.877,0.724,18.863,12,6.91,9.62,6.63,10.0
SYN0926,5.876,2,0.154,0.336,15,1.308,0.448,0.853,13,3.158,1.558,1.42,0.475,0.085,12.954,33,3.84,8.58,7.15,8.83
SYN0927,5.318,6,1.0,0.796,18,0.496,0.35,0.508,6,1.462,4.338,1.564,0.562,0.525,15.703,32,3.02,9.48,6.54,9.58
SYN0928,2.589,5,0.833,0.843,1,0.936,0.245,0.613,6,4.299,3.996,1.566,0.295,0.332,10.309,12,5.09,6.1,5.79,5.04
SYN0929,4.72,8,0.5,0.373,23,0.081,0.657,0.654,16,2.309,3.174,0.578,0.609,0.435,19.215,29,5.41,10.0,7.38,10.0
SYN0930,2.137,6,0.375,0.409,10,0.016,0.8,0.58,16,0.043,3.086,0.797,0.957,0.656,12.709,21,6.37,9.21,7.72,7.25
SYN0931,0.723,2,0.25,0.178,20,0.974,0.538,0.33,8,1.624,1.491,0.51,0.291,0.935,11.865,29,5.2,8.61,5.41,9.98
SYN0932,2.974,4,0.267,0.112,13,0.296,0.693,0.772,15,0.869,4.116,1.897,0.664,0.552,14.218,13,5.75,9.87,6.0,9.35
SYN0933,7.001,0,0.0,0.751,19,0.801,0.567,0.309,8,9.011,0.801,2.381,0.473,0.295,13.697,31,5.89,7.29,6.66,8.78
SYN0934,3.344,5,0.455,0.658,19,1.356,0.257,0.972,11,4.422,1.126,1.876,0.703,0.979,19.484,28,3.68,10.0,7.96,10.0
SYN0935,6.408,2,0.333,0.282,25,0.639,0.169,0.748,6,1.299,2.284,1.45,0.721,0.921,16.834,15,2.94,9.08,7.11,10.0
SYN0936,5.608,7,0.538,0.881,11,1.183,0.833,0.541,13,5.19,1.587,2.015,0.474,0.652,15.576,20,5.81,7.67,5.27,8.16
SYN0937,1.032,9,2.25,0.561,19,1.666,0.686,0.277,4,4.626,4.053,1.634,0.29,0.828,18.771,16,5.24,9.03,6.09,10.0
SYN0938,2.635,7,0.778,0.3,19,1.109,0.57,0.637,9,8.622,3.333,1.19,0.424,0.497,17.497,29,6.63,10.0,6.19,10.0
SYN0939,7.141,0,0.0,0.905,22,0.166,0.829,0.642,11,0.026,2.285,0.64,0.771,0.322,12.046,18,3.48,8.53,5.07,10.0
SYN0940,2.865,0,0.0,0.159,11,0.332,0.44,0.119,15,6.231,0.701,1.487,0.435,0.487,7.553,31,6.0,5.41,6.34,6.85
SYN0941,3.093,7,1.75,0.225,10,0.451,0.515,0.108,4,5.637,4.172,1.493,0.961,0.03,13.01,15,5.93,6.18,7.56,7.42
SYN0942,4.919,0,0.0,0.388,22,0.007,0.543,0.408,9,7.057,1.929,1.274,0.78,0.986,13.253,31,6.56,8.25,7.54,10.0
SYN0943,1.857,3,0.3,0.81,11,1.15,0.454,0.939,10,4.622,4.13,0.301,0.855,0.848,11.232,31,5.07,7.87,5.3,8.41
SYN0944,1.444,2,0.133,0.135,8,1.0,0.574,0.85,15,2.243,2.162,0.509,0.14,0.28,9.772,13,4.74,7.32,5.07,7.6
SYN0945,4.18,7,0.438,0.487,5,0.27,0.896,0.421,16,5.769,0.239,0.805,0.489,0.741,10.371,25,6.9,7.44,7.54,4.94
SYN0946,4.904,4,0.364,0.097,6,0.615,0.293,0.547,11,5.363,0.063,0.158,0.696,0.458,9.523,25,4.77,7.18,5.18,5.9
SYN0947,6.898,2,0.167,0.705,17,1.354,0.231,0.756,12,2.572,1.969,0.153,0.268,0.033,12.117,34,1.6,8.57,5.74,8.92
SYN0948,6.156,6,0.6,0.181,21,0.109,0.245,0.761,10,9.967,0.601,1.691,0.44,0.577,18.101,31,5.25,10.0,7.01,10.0
SYN0949,6.751,1,0.091,0.014,4,0.624,0.497,0.471,11,2.852,1.282,0.656,0.697,0.912,6.089,33,4.73,5.31,6.62,5.93
SYN0950,4.409,0,0.0,0.278,1,0.633,0.316,0.763,4,6.267,3.165,1.54,0.561,0.269,6.908,34,4.54,3.7,6.63,4.92
SYN0951,4.594,5,0.385,0.592,25,0.284,0.256,0.258,13,6.484,0.253,0.338,0.28,0.039,16.336,33,4.62,10.0,6.51,10.0
SYN0952,3.681,9,0.562,0.358,24,0.975,0.778,0.676,16,3.767,4.128,2.034,0.765,0.301,22.756,23,5.09,10.0,6.88,10.0
SYN0953,2.488,9,0.692,0.354,15,0.434,0.433,0.183,13,3.739,1.096,0.477,0.803,0.691,13.609,34,4.21,9.47,7.98,7.3
SYN0954,2.327,6,0.5,0.414,6,0.13,0.775,0.052,12,6.591,3.254,0.597,0.385,0.04,7.938,33,6.94,6.18,6.01,5.75
SYN0955,3.92,2,0.5,0.365,19,0.879,0.933,0.282,4,9.717,1.149,1.79,0.578,0.104,14.076,20,6.89,6.73,7.64,8.95
SYN0956,3.494,7,1.167,0.304,5,1.057,0.718,0.649,6,4.55,4.469,1.331,0.163,0.966,12.041,12,5.73,7.52,6.68,6.47
SYN0957,4.478,3,0.3,0.619,11,1.128,0.435,0.249,10,6.028,0.499,2.041,0.568,0.242,11.969,33,5.1,7.1,8.26,5.93
SYN0958,3.362,6,1.0,0.727,15,0.048,0.518,0.968,6,1.021,0.158,1.74,0.679,0.837,18.688,17,5.69,8.57,6.57,9.13
SYN0959,1.138,6,0.429,0.583,14,0.32,0.23,0.545,14,1.86,4.068,1.364,0.756,0.882,14.618,28,4.66,9.47,6.93,9.39
SYN0960,5.306,4,0.8,0.424,17,0.299,0.322,0.042,5,9.253,3.754,1.53,0.41,0.176,12.835,17,6.36,7.73,7.56,8.07
SYN0961,0.934,2,0.5,0.279,15,0.155,0.836,0.017,4,8.675,4.251,1.327,0.518,0.427,10.353,33,7.97,6.42,6.67,7.92
SYN0962,3.162,0,0.0,0.544,24,0.012,0.305,0.754,15,9.786,2.865,0.979,0.619,0.129,15.525,26,5.61,8.96,7.42,10.0
SYN0963,2.084,8,0.889,0.857,15,0.375,0.826,0.924,9,4.482,4.102,0.852,0.185,0.331,17.202,25,5.54,10.0,4.65,9.26
SYN0964,4.463,7,0.636,0.794,18,0.914,0.523,0.391,11,7.868,3.932,1.005,0.14,0.898,16.531,25,4.89,9.98,5.19,10.0
SYN0965,6.213,2,0.25,0.485,15,0.049,0.838,0.262,8,3.128,3.781,1.674,0.556,0.024,11.933,22,5.49,7.41,7.38,7.69
SYN0966,6.286,3,0.231,0.629,16,0.155,0.384,0.891,13,5.481,4.492,0.236,0.711,0.457,14.119,18,3.54,9.25,6.5,10.0
SYN0967,3.892,8,0.5,0.492,15,1.185,0.696,0.568,16,6.116,1.669,0.978,0.686,0.632,16.127,21,4.54,9.95,7.86,9.01
SYN0968,1.183,3,0.231,0.492,22,1.525,0.199,0.501,13,7.748,0.334,1.613,0.727,0.491,16.547,22,6.04,10.0,8.64,10.0
SYN0969,1.581,6,0.375,0.709,25,0.93,0.313,0.991,16,0.096,3.16,1.461,0.24,0.09,21.808,14,4.83,10.0,5.4,10.0
SYN0970,1.771,7,0.538,0.278,16,1.033,0.688,0.008,13,5.537,2.675,2.298,0.421,0.069,14.932,33,6.33,8.46,7.48,7.59
SYN0971,3.404,2,0.182,0.581,1,1.315,0.497,0.994,11,0.394,1.305,2.083,0.556,0.556,10.498,34,4.83,6.04,6.65,6.04
SYN0972,1.726,1,0.077,0.195,3,1.14,0.354,0.207,13,4.423,0.682,1.861,0.542,0.655,7.021,30,5.66,4.57,5.95,4.48
SYN0973,2.589,5,1.25,0.282,16,0.13,0.375,0.751,4,1.535,3.184,1.619,0.378,0.118,15.22,18,4.57,7.36,6.42,9.2
SYN0974,4.94,0,0.0,0.667,1,1.622,0.766,0.06,9,3.989,2.077,0.181,0.526,0.137,2.588,18,4.04,3.01,5.41,2.96
SYN0975,2.769,0,0.0,0.374,8,0.31,0.267,0.89,16,7.783,1.319,2.134,0.757,0.171,11.009,31,6.26,5.22,7.65,6.99
SYN0976,6.231,5,0.417,0.287,4,0.36,0.702,0.751,12,4.284,2.442,2.195,0.628,0.635,11.787,19,5.47,7.09,7.23,5.65
SYN0977,3.553,8,1.0,0.556,16,1.604,0.447,0.039,8,2.28,2.058,0.927,0.381,0.358,13.899,28,4.42,9.26,6.68,8.97
SYN0978,3.104,2,0.167,0.368,3,0.124,0.705,0.86,12,8.775,0.343,1.312,0.832,0.34,9.507,24,8.18,5.68,7.86,6.05
SYN0979,7.004,6,0.5,0.284,8,0.85,0.788,0.799,12,2.727,3.087,0.782,0.338,0.029,12.277,12,4.2,8.03,6.91,6.65
SYN0980,1.595,7,0.438,0.254,16,1.542,0.575,0.766,16,7.437,3.613,1.029,0.454,0.942,16.455,33,5.75,10.0,6.29,9.66
SYN0981,0.891,9,0.692,0.42,23,1.344,0.569,0.562,13,1.888,3.355,1.216,0.568,0.928,19.952,33,4.34,10.0,7.84,10.0
SYN0982,4.56,5,0.625,0.393,5,1.42,0.805,0.5,8,9.672,0.505,2.325,0.591,0.271,12.002,33,6.97,6.2,7.73,6.02
SYN0983,2.735,1,0.1,0.405,24,0.874,0.886,0.465,10,9.66,0.465,1.687,0.701,0.075,15.928,13,8.21,8.14,7.98,9.69
SYN0984,2.661,4,0.8,0.763,21,1.441,0.799,0.996,5,8.136,2.438,1.59,0.314,0.859,18.797,30,6.91,10.0,6.39,10.0
SYN0985,3.395,5,0.5,0.65,5,1.502,0.603,0.89,10,7.904,1.249,2.248,0.631,0.933,13.077,24,6.19,7.38,7.78,7.37
SYN0986,3.981,0,0.0,0.624,10,1.484,0.344,0.917,16,8.58,3.444,2.333,0.22,0.292,12.635,27,5.37,6.72,5.67,7.41
SYN0987,4.811,5,0.714,0.481,24,1.311,0.892,0.483,7,9.716,0.272,1.07,0.736,0.911,18.109,29,7.2,10.0,7.35,10.0
SYN0988,1.111,4,0.4,0.816,23,0.002,0.069,0.984,10,4.47,3.648,1.247,0.694,0.919,19.094,25,5.3,9.6,5.91,10.0
SYN0989,5.904,0,0.0,0.284,23,0.74,0.407,0.176,13,4.098,0.267,1.218,0.448,0.395,12.796,14,4.2,7.18,6.22,10.0
SYN0990,4.509,7,0.636,0.402,20,1.686,0.653,0.952,11,2.227,0.045,2.199,0.709,0.258,21.47,24,4.68,10.0,7.72,10.0
SYN0991,1.665,7,0.7,0.816,7,0.82,0.945,0.358,10,8.383,0.945,1.777,0.838,0.434,12.207,20,8.33,8.16,6.35,6.56
SYN0992,5.727,8,1.143,0.272,16,1.146,0.203,0.825,7,7.333,3.215,0.27,0.796,0.936,15.625,26,3.8,9.78,6.62,10.0
SYN0993,5.138,8,0.5,0.556,3,0.217,0.664,0.592,16,8.009,2.888,0.986,0.425,0.894,12.141,24,5.81,8.72,6.5,6.17
SYN0994,6.108,2,0.4,0.386,20,1.137,0.729,0.824,5,1.982,4.364,2.329,0.425,0.962,17.112,29,4.62,10.0,7.69,10.0
SYN0995,4.688,9,0.818,0.652,1,0.405,0.171,0.421,11,3.454,1.633,0.332,0.482,0.649,9.837,33,3.59,6.62,4.85,5.03
SYN0996,3.912,7,1.4,0.688,8,0.242,0.87,0.231,5,3.349,1.397,2.077,0.583,0.4,14.022,26,6.39,7.44,7.32,6.33
SYN0997,4.624,9,1.0,0.389,14,0.616,0.858,0.514,9,2.172,0.241,1.811,0.146,0.94,17.332,24,5.78,10.0,7.43,9.84
SYN0998,4.969,7,1.0,0.775,10,1.561,0.485,0.668,7,0.051,0.432,0.429,0.584,0.97,12.199,26,2.99,9.11,6.16,8.2
SYN0999,6.706,7,0.438,0.573,16,0.874,0.753,0.431,16,0.583,3.672,1.66,0.491,0.559,15.312,23,3.98,8.68,6.71,8.51
SYN1000,6.949,4,0.5,0.565,2,1.265,0.803,0.573,8,6.592,1.75,0.926,0.632,0.091,8.519,29,3.52,5.9,6.95,5.49
SYN1001,3.006,9,0.9,0.481,24,0.55,0.816,0.64,10,2.652,1.0,1.893,0.431,0.997,21.358,15,6.08,10.0,7.83,10.0
SYN1002,1.113,8,0.667,0.208,13,0.726,0.381,0.43,12,9.14,0.551,1.819,0.439,0.044,16.735,30,7.17,9.09,6.49,8.43
SYN1003,5.826,8,0.533,0.839,4,0.534,0.695,0.416,15,7.151,1.805,0.376,0.228,0.026,10.721,27,5.36,8.15,5.94,5.65
SYN1004,0.903,2,0.25,0.865,12,0.95,0.3,0.608,8,7.707,0.522,2.205,0.922,0.121,12.03,30,6.79,8.34,6.29,7.9
SYN1005,3.961,7,1.4,0.396,5,1.016,0.195,0.558,5,7.154,3.516,2.255,0.51,0.591,12.983,16,5.39,6.82,7.17,6.02
SYN1006,1.576,9,0.562,0.271,3,1.591,0.522,0.716,16,2.549,0.031,1.049,0.251,0.131,12.093,19,6.04,7.49,5.61,4.95
SYN1007,6.831,6,0.667,0.724,2,1.413,0.533,0.863,9,7.105,3.51,2.118,0.767,0.325,13.046,28,4.75,6.72,6.93,5.6
SYN1008,5.822,3,0.6,0.726,22,1.169,0.451,0.881,5,7.039,2.85,1.434,0.584,0.141,16.419,18,4.7,9.85,7.05,10.0
SYN1009,5.744,8,0.5,0.042,2,1.49,0.674,0.038,16,7.744,3.784,0.765,0.533,0.82,7.693,33,4.92,5.72,5.76,3.2
SYN1010,0.926,2,0.133,0.584,18,1.555,0.5,0.983,15,0.782,0.644,1.542,0.116,0.651,16.679,17,4.73,9.39,6.63,10.0
SYN1011,3.652,6,0.462,0.26,13,1.595,0.825,0.672,13,3.753,2.334,1.461,0.077,0.388,14.42,24,4.74,9.58,5.77,8.29
SYN1012,5.692,4,0.308,0.441,22,0.702,0.719,0.498,13,4.911,3.077,0.251,0.373,0.148,13.954,17,5.0,9.4,6.3,10.0
SYN1013,6.102,0,0.0,0.434,6,0.184,0.679,0.088,12,7.19,2.318,0.986,0.627,0.149,5.725,34,6.07,4.77,8.32,3.83
SYN1014,4.461,4,0.267,0.181,21,1.358,0.171,0.485,15,2.224,3.126,1.951,0.367,0.592,16.94,34,3.65,9.49,6.98,10.0
SYN1015,3.476,8,1.333,0.268,22,1.532,0.483,0.804,6,5.669,0.678,0.849,0.348,0.217,19.342,28,3.47,10.0,6.55,10.0
SYN1016,6.334,6,0.857,0.626,7,1.273,0.464,0.068,7,4.659,2.369,1.403,0.246,0.736,9.661,27,4.69,7.75,6.01,5.85
SYN1017,3.168,6,0.4,0.136,11,1.202,0.684,0.072,15,8.42,0.968,2.2,0.835,0.709,12.854,15,6.73,7.64,7.45,6.33
SYN1018,6.814,4,0.25,0.507,13,1.583,0.643,0.069,16,7.957,3.826,0.368,0.454,0.887,10.31,26,4.22,7.62,6.37,7.31
SYN1019,0.863,0,0.0,0.453,20,0.844,0.767,0.413,15,0.688,2.388,1.29,0.788,0.996,13.049,16,6.3,8.06,8.28,10.0
SYN1020,2.113,6,0.857,0.601,7,0.364,0.331,0.439,7,2.898,0.93,0.415,0.283,0.218,10.198,26,4.53,7.59,6.49,5.63
SYN1021,3.684,3,0.3,0.87,15,0.642,0.881,0.787,10,6.45,0.572,1.457,0.517,0.79,14.969,16,6.05,8.88,5.94,9.82
SYN1022,6.228,4,0.267,0.806,13,0.682,0.629,0.252,15,9.141,0.925,0.915,0.377,0.433,10.387,20,5.54,7.53,5.46,7.59
SYN1023,4.323,1,0.091,0.663,21,1.614,0.186,0.926,11,7.381,3.691,1.965,0.787,0.247,16.779,18,4.69,9.0,7.13,10.0
SYN1024,5.181,5,0.385,0.496,16,0.83,0.57,0.833,13,3.086,2.185,2.396,0.116,0.023,17.878,29,5.21,9.39,7.53,8.58
SYN1025,1.948,9,0.692,0.241,4,0.568,0.507,0.618,13,7.581,1.177,1.466,0.889,0.777,14.611,20,6.94,7.79,8.15,6.41
SYN1026,7.075,9,0.692,0.516,13,0.769,0.732,0.181,13,3.056,3.036,0.279,0.502,0.896,14.423,31,3.99,9.3,7.07,7.4
SYN1027,3.052,7,0.538,0.303,4,1.158,0.469,0.183,13,8.367,1.862,1.989,0.642,0.536,11.582,29,6.07,7.1,7.93,4.84
SYN1028,5.078,7,1.0,0.642,23,1.557,0.684,0.49,7,8.397,2.96,2.141,0.747,0.264,19.646,26,5.65,10.0,6.62,10.0
SYN1029,4.815,7,0.467,0.155,9,1.451,0.746,0.13,15,0.235,1.64,1.146,0.293,0.832,11.738,24,3.82,8.08,5.66,6.24
SYN1030,0.875,7,0.438,0.587,13,0.987,0.555,0.303,16,7.403,0.193,2.217,0.19,0.838,15.129,13,7.46,7.96,6.47,8.55
SYN1031,6.351,7,0.5,0.272,15,0.478,0.6,0.037,14,2.184,3.857,0.457,0.487,0.111,12.749,13,3.43,7.86,5.83,8.42
SYN1032,1.047,1,0.25,0.658,4,1.16,0.734,0.592,4,4.615,2.546,1.206,0.839,0.889,7.499,32,5.8,5.72,6.43,5.75
SYN1033,6.258,0,0.0,0.679,15,0.049,0.626,0.06,16,0.852,3.808,1.724,0.833,0.883,9.416,15,4.83,5.54,7.19,8.22
SYN1034,2.348,9,0.643,0.396,8,0.847,0.435,0.628,14,7.538,3.803,0.968,0.873,0.966,14.591,29,5.5,8.82,6.9,7.42
SYN1035,6.998,0,0.0,0.412,11,1.122,0.734,0.058,7,0.099,0.53,1.166,0.715,0.746,7.278,20,4.8,4.68,8.07,6.04
SYN1036,4.983,5,0.333,0.861,12,0.741,0.901,0.781,15,1.242,1.627,0.615,0.212,0.196,12.31,31,4.81,8.21,5.18,8.96
SYN1037,3.297,4,1.0,0.712,6,0.044,0.29,0.558,4,9.214,0.02,0.807,0.332,0.758,10.158,24,6.22,6.06,6.36,6.04
SYN1038,6.384,0,0.0,0.314,7,1.556,0.507,0.205,13,8.113,4.235,0.488,0.886,0.145,5.746,28,4.14,4.22,6.57,5.3
SYN1039,3.008,1,0.083,0.461,14,1.316,0.922,0.592,12,2.437,4.216,0.429,0.622,0.453,9.377,22,5.56,7.0,6.61,8.71
SYN1040,4.504,1,0.067,0.693,9,0.49,0.739,0.33,15,4.47,3.764,1.562,0.71,0.126,8.98,16,6.09,5.08,6.67,5.73
SYN1041,4.575,9,2.25,0.426,18,1.415,0.628,0.72,4,8.926,1.964,0.448,0.683,0.117,17.562,30,5.38,9.85,8.08,9.54
SYN1042,3.501,4,0.308,0.15,16,0.251,0.348,0.817,13,9.484,3.12,0.604,0.197,0.339,15.33,22,5.11,8.8,5.01,10.0
SYN1043,2.885,5,0.5,0.696,22,0.365,0.405,0.861,10,4.146,2.29,1.411,0.98,0.744,17.794,28,4.84,10.0,7.13,10.0
SYN1044,1.277,5,0.357,0.67,19,0.777,0.492,0.938,14,6.816,1.092,0.304,0.57,0.35,16.61,14,6.28,10.0,6.32,10.0
SYN1045,1.209,1,0.111,0.68,22,1.152,0.38,0.587,9,1.849,0.011,1.656,0.408,0.655,16.104,29,4.73,8.73,6.26,10.0
SYN1046,3.624,1,0.062,0.661,9,1.497,0.712,0.699,16,1.856,0.839,1.873,0.748,0.307,11.731,20,4.4,6.63,7.31,6.25
SYN1047,5.651,9,0.9,0.278,3,1.161,0.556,0.526,10,6.638,1.377,2.287,0.344,0.81,13.806,25,4.85,8.23,7.16,6.22
SYN1048,6.82,6,0.375,0.442,13,0.456,0.518,0.122,16,9.864,0.819,0.463,0.762,0.137,12.334,19,4.77,8.17,7.28,6.29
SYN1049,1.046,6,0.429,0.642,23,1.502,0.581,0.265,14,3.297,2.629,1.695,0.613,0.791,17.414,26,5.08,10.0,8.01,10.0
SYN1050,2.893,2,0.2,0.593,20,0.449,0.566,0.251,10,2.532,0.19,0.807,0.272,0.715,13.169,16,5.5,8.24,6.3,9.51
SYN1051,7.012,5,0.357,0.662,18,0.543,0.35,0.501,14,9.291,4.046,1.074,0.391,0.129,14.505,15,4.67,9.26,6.81,9.15
SYN1052,4.701,1,0.067,0.701,15,1.53,0.76,0.406,15,6.181,0.094,2.056,0.616,0.096,11.438,21,5.92,8.07,6.64,7.98
SYN1053,2.729,0,0.0,0.34,8,0.068,0.518,0.14,14,4.015,2.645,0.797,0.549,0.155,5.447,14,5.25,4.32,6.89,5.39
SYN1054,3.389,6,0.667,0.583,14,1.646,0.315,0.326,9,3.384,1.894,2.265,0.95,0.903,16.147,33,5.0,8.56,8.59,8.84
SYN1055,2.775,1,0.062,0.129,13,0.771,0.837,0.799,16,1.876,3.616,1.861,0.525,0.871,12.515,13,6.38,6.92,6.49,9.72
SYN1056,5.291,3,0.75,0.193,17,1.333,0.478,0.143,4,0.345,0.31,1.893,0.36,0.391,12.803,19,3.73,8.15,6.54,8.37
SYN1057,3.833,5,0.333,0.211,4,0.69,0.666,0.747,15,4.408,0.501,0.564,0.835,0.835,9.496,18,5.71,6.57,6.17,5.82
SYN1058,3.619,8,0.889,0.476,2,0.603,0.463,0.563,9,0.305,3.157,2.357,0.456,0.548,12.804,32,5.42,7.59,8.09,5.33
SYN1059,4.883,0,0.0,0.612,21,0.503,0.314,0.369,12,0.215,2.239,2.266,0.424,0.869,13.961,32,4.04,8.07,7.46,10.0
SYN1060,1.419,2,0.2,0.447,1,1.257,0.07,0.068,10,2.783,2.573,1.983,0.628,0.136,6.559,33,4.56,4.32,8.74,2.94
SYN1061,5.035,8,0.727,0.461,9,1.141,0.549,0.101,11,5.632,1.921,1.626,0.679,0.318,13.191,24,4.82,7.46,8.36,6.7
SYN1062,1.787,0,0.0,0.875,13,0.408,0.549,0.352,9,0.487,1.606,1.105,0.541,0.473,8.875,15,4.51,5.8,5.17,7.44
SYN1063,4.012,4,0.364,0.243,20,1.133,0.548,0.59,11,7.517,0.798,0.475,0.307,0.81,13.837,14,4.06,8.77,5.78,10.0
SYN1064,2.253,0,0.0,0.52,2,0.546,0.313,0.477,7,2.321,1.482,0.896,0.756,0.776,6.211,20,4.41,4.26,7.52,4.98
SYN1065,4.541,9,1.286,0.384,6,1.361,0.376,0.432,7,9.057,0.036,0.7,0.401,0.836,12.862,13,4.33,8.69,6.69,5.84
SYN1066,3.836,9,1.8,0.622,7,0.595,0.871,0.352,5,8.57,0.633,2.33,0.306,0.188,15.235,23,7.17,7.14,6.14,6.78
SYN1067,2.368,3,0.231,0.087,1,1.371,0.649,0.228,13,9.227,2.894,0.763,0.181,0.622,5.349,30,6.82,5.58,6.2,3.85
SYN1068,5.898,8,0.667,0.465,5,1.297,0.827,0.321,12,5.287,3.585,2.147,0.419,0.396,13.483,25,5.16,8.97,7.23,5.22
SYN1069,2.662,5,0.556,0.603,23,0.426,0.739,0.57,9,0.04,3.764,0.338,0.686,0.913,17.161,31,5.45,9.97,6.32,10.0
SYN1070,5.385,0,0.0,0.137,4,0.665,0.402,0.74,10,0.005,0.767,0.805,0.645,0.905,6.578,20,3.14,4.75,6.09,4.71
SYN1071,2.454,3,0.429,0.646,5,0.88,0.649,0.647,7,0.989,1.679,1.215,0.428,0.304,8.932,14,5.42,5.28,6.45,5.51
SYN1072,2.54,9,0.692,0.123,23,1.196,0.809,0.006,13,1.207,0.73,1.749,0.174,0.98,18.818,28,5.22,10.0,5.88,10.0
SYN1073,4.226,7,1.167,0.286,14,0.531,0.731,0.313,6,7.959,3.237,1.409,0.427,0.534,14.024,19,6.32,8.84,7.77,7.62
SYN1074,5.427,2,0.133,0.768,16,1.417,0.832,0.313,15,9.373,4.354,2.133,0.347,0.448,12.841,21,6.24,6.83,5.72,7.78
SYN1075,4.824,9,0.562,0.552,2,1.651,0.674,0.075,16,4.488,1.521,1.935,0.826,0.854,10.319,33,5.26,6.34,7.68,3.95
SYN1076,6.662,4,0.25,0.54,12,0.492,0.181,0.671,16,5.935,2.184,2.049,0.555,0.551,14.79,19,4.14,8.14,6.74,8.04
SYN1077,4.023,3,0.3,0.495,15,0.934,0.892,0.876,10,3.523,4.113,1.89,0.315,0.071,14.492,25,5.53,8.0,6.56,8.4
SYN1078,2.772,4,0.267,0.917,21,0.006,0.525,0.902,15,5.663,2.964,1.521,0.527,0.505,18.399,25,6.54,10.0,5.5,10.0
SYN1079,2.815,9,1.0,0.285,12,0.472,0.326,0.196,9,8.461,0.85,0.228,0.573,0.208,13.54,15,6.09,8.27,6.59,7.1
SYN1080,3.37,4,0.444,0.102,8,0.683,0.67,0.906,9,1.407,1.174,1.095,0.456,0.961,11.375,34,5.34,8.77,5.79,7.32
SYN1081,6.066,1,0.167,0.248,20,1.112,0.64,0.749,6,8.773,4.294,0.42,0.605,0.891,12.554,14,4.34,9.28,6.33,10.0
SYN1082,1.384,0,0.0,0.625,24,1.304,0.831,0.027,12,8.14,2.396,1.296,0.178,0.715,12.668,13,7.47,8.14,6.14,10.0
SYN1083,0.854,1,0.091,0.117,15,1.091,0.903,0.574,11,8.619,3.843,0.622,0.342,0.205,10.416,15,7.55,7.28,5.85,7.59
SYN1084,2.612,6,1.5,0.388,11,0.623,0.483,0.147,4,6.81,3.056,1.493,0.36,0.795,11.406,28,6.34,5.81,7.08,5.85
SYN1085,4.303,8,0.727,0.505,3,0.37,0.807,0.537,11,5.33,2.582,1.533,0.919,0.225,11.9,15,5.97,7.35,7.9,4.71
SYN1086,4.014,1,0.071,0.494,18,0.944,0.477,0.04,14,6.264,3.579,0.933,0.635,0.569,10.795,29,4.71,6.66,6.85,8.63
SYN1087,3.051,4,0.5,0.491,22,0.958,0.619,0.42,8,4.561,0.631,0.273,0.484,0.055,15.303,23,4.81,9.1,6.75,10.0
SYN1088,2.777,4,0.25,0.546,17,0.915,0.882,0.73,16,9.75,3.596,1.865,0.977,0.769,16.484,27,7.58,9.06,7.88,10.0
SYN1089,3.316,7,0.778,0.918,4,1.602,0.242,0.483,9,5.218,1.157,0.765,0.578,0.47,9.849,12,4.45,6.99,5.38,5.39
SYN1090,2.274,5,0.455,0.562,25,0.05,0.505,0.53,11,9.919,3.937,1.629,0.288,0.639,17.795,19,7.04,10.0,5.85,10.0
SYN1091,6.409,8,0.615,0.535,17,0.206,0.133,0.136,13,0.837,1.189,0.954,0.463,0.464,15.37,27,3.15,9.84,7.04,9.57
SYN1092,2.46,2,0.222,0.75,23,0.562,0.706,0.337,9,1.092,0.299,1.482,0.301,0.402,15.061,13,5.68,8.41,6.23,10.0
SYN1093,5.087,4,0.667,0.628,9,1.139,0.751,0.963,6,3.127,3.44,1.434,0.821,0.085,13.021,22,4.57,8.44,7.14,6.48
SYN1094,4.18,2,0.2,0.43,4,0.459,0.53,0.183,10,1.915,0.877,1.399,0.584,0.949,7.408,32,4.49,5.56,7.49,4.99
SYN1095,0.882,7,0.778,0.11,22,1.5,0.798,0.79,9,2.947,0.592,0.557,0.661,0.779,18.015,24,5.49,10.0,6.51,10.0
SYN1096,5.944,0,0.0,0.025,13,0.506,0.428,0.365,10,2.079,2.082,0.663,0.843,0.29,9.237,12,3.38,5.97,6.86,7.46
SYN1097,0.858,2,0.222,0.234,2,0.157,0.454,0.031,9,5.637,1.787,0.456,0.868,0.201,4.483,13,6.25,4.62,6.55,3.08
SYN1098,5.123,9,1.125,0.33,9,1.594,0.778,0.427,8,7.864,2.247,2.198,0.676,0.604,16.457,23,5.91,8.09,7.1,7.5
SYN1099,1.454,7,0.467,0.211,24,1.467,0.911,0.85,15,9.318,1.259,0.203,0.423,0.129,18.747,26,6.11,10.0,5.78,10.0
SYN1100,2.499,0,0.0,0.525,6,0.939,0.287,0.477,8,6.498,3.056,0.912,0.142,0.947,6.625,25,4.3,4.95,6.71,6.56
SYN1101,2.769,4,0.571,0.722,23,0.749,0.919,0.12,7,0.119,1.707,1.252,0.508,0.522,16.026,30,5.33,8.92,6.62,9.46
SYN1102,2.108,7,1.4,0.543,12,0.309,0.887,0.03,5,8.099,4.447,0.266,0.626,0.905,10.217,16,5.78,5.86,6.6,6.81
SYN1103,1.257,4,0.333,0.258,15,1.139,0.738,0.716,12,0.003,0.265,0.489,0.144,0.944,12.507,30,5.57,7.43,5.73,9.55
SYN1104,7.174,5,0.385,0.582,11,1.378,0.805,0.351,13,4.602,2.005,1.547,0.173,0.538,13.222,12,4.81,7.56,7.07,7.55
SYN1105,1.8,4,0.8,0.14,12,0.877,0.614,0.991,5,5.877,2.588,0.368,0.369,0.128,12.466,25,5.95,8.15,5.99,8.08
SYN1106,5.184,0,0.0,0.58,22,0.551,0.351,0.106,8,8.767,1.174,0.585,0.19,0.107,11.408,34,4.98,6.9,6.29,9.45
SYN1107,4.313,8,0.571,0.512,25,0.146,0.557,0.978,14,2.897,0.412,1.157,0.355,0.217,21.983,14,5.48,10.0,7.25,10.0
SYN1108,3.503,4,0.444,0.701,15,0.929,0.378,0.802,9,8.38,1.68,1.919,0.228,0.757,16.581,19,5.43,7.97,7.04,10.0
SYN1109,6.965,7,1.4,0.262,3,0.262,0.716,0.788,5,1.151,1.054,1.738,0.313,0.001,13.876,27,4.66,6.43,6.61,5.54
SYN1110,6.899,0,0.0,0.489,21,0.321,0.462,0.617,7,6.797,4.491,1.149,0.455,0.025,12.894,24,4.73,8.29,6.73,10.0
SYN1111,0.904,0,0.0,0.247,10,1.516,0.492,0.637,16,8.476,1.717,1.283,0.361,0.892,9.957,21,6.71,5.34,6.49,8.0
SYN1112,3.96,6,1.2,0.471,3,0.466,0.731,0.109,5,7.34,2.264,1.208,0.374,0.633,7.91,34,6.58,6.24,7.55,3.9
SYN1113,6.165,2,0.4,0.84,4,0.36,0.045,0.924,5,4.83,1.635,2.012,0.419,0.391,10.472,25,3.19,5.93,5.2,5.62
SYN1114,3.312,4,0.444,0.498,16,1.223,0.524,0.562,9,1.257,2.251,1.809,0.395,0.88,15.992,14,4.47,8.83,6.89,9.27
SYN1115,3.918,2,0.154,0.722,24,0.469,0.264,0.692,13,4.142,2.733,1.489,0.727,0.785,16.266,13,4.38,10.0,6.38,10.0
SYN1116,3.507,9,2.25,0.624,7,0.151,0.443,0.108,4,1.12,3.91,0.741,0.121,0.523,11.229,16,4.16,5.19,5.46,5.61
SYN1117,1.186,3,0.3,0.617,17,0.359,0.232,0.65,10,4.563,4.164,1.628,0.481,0.657,14.179,29,5.4,7.96,6.26,8.8
SYN1118,3.543,4,0.8,0.682,13,1.537,0.506,0.775,5,9.161,1.945,0.743,0.412,0.949,13.412,24,5.58,7.45,5.97,8.85
SYN1119,4.114,5,1.0,0.65,24,1.425,0.388,0.607,5,0.581,3.54,1.545,0.501,0.188,19.588,26,4.03,10.0,7.17,10.0
SYN1120,3.075,1,0.077,0.186,6,1.405,0.779,0.036,13,3.907,1.913,0.638,0.7,0.732,4.931,22,5.15,5.11,6.5,4.84
SYN1121,1.049,7,0.778,0.251,3,1.143,0.799,0.014,9,9.548,2.701,1.809,0.787,0.94,10.055,26,8.17,6.35,8.34,4.74
SYN1122,2.014,0,0.0,0.055,22,0.559,0.868,0.475,13,6.431,2.203,0.948,0.43,0.476,12.273,22,6.58,9.03,5.38,10.0
SYN1123,1.868,6,0.6,0.345,25,0.981,0.901,0.832,10,9.617,1.556,2.251,0.401,0.158,21.932,29,8.82,10.0,7.23,10.0
SYN1124,2.572,7,0.636,0.523,2,0.376,0.403,0.697,11,3.626,2.079,2.22,0.272,0.983,11.991,34,5.37,7.88,7.03,5.21
SYN1125,0.998,4,0.5,0.447,9,0.357,0.189,0.093,8,1.474,3.105,2.356,0.677,0.92,12.251,24,5.41,6.37,8.34,7.11
SYN1126,6.207,8,0.727,0.334,1,0.074,0.778,0.86,11,6.454,2.141,1.153,0.409,0.166,12.769,26,5.67,7.47,6.8,5.8
SYN1127,2.108,2,0.133,0.29,22,0.702,0.669,0.313,15,2.04,4.378,1.852,0.909,0.992,14.724,33,5.09,9.16,6.1,10.0
SYN1128,3.355,6,1.5,0.045,8,1.199,0.752,0.737,4,5.158,2.868,0.349,0.419,0.48,12.152,23,5.36,6.55,5.01,6.79
SYN1129,3.277,0,0.0,0.207,6,1.052,0.733,0.179,8,5.596,0.548,1.545,0.614,0.671,6.683,17,5.7,4.2,8.01,6.01
SYN1130,5.036,4,0.308,0.554,14,1.151,0.63,0.212,13,9.987,1.323,1.272,0.868,0.506,11.602,24,5.52,7.84,7.0,7.25
SYN1131,2.143,0,0.0,0.513,12,1.539,0.118,0.633,14,1.652,2.145,0.565,0.726,0.778,8.786,17,2.55,6.32,6.97,8.71
SYN1132,3.384,8,0.533,0.658,25,1.142,0.181,0.416,15,1.054,1.59,2.259,0.491,0.98,22.15,24,4.43,10.0,6.47,10.0
SYN1133,4.08,8,0.727,0.238,1,1.282,0.572,0.36,11,5.201,1.923,1.741,0.386,0.85,12.249,19,5.14,6.71,6.98,5.14
SYN1134,0.88,6,0.462,0.656,5,1.097,0.663,0.091,13,6.734,0.71,2.243,0.392,0.18,9.86,16,7.23,6.78,7.04,4.93
SYN1135,1.967,6,0.429,0.869,19,0.941,0.489,0.595,14,4.264,0.843,2.026,0.857,0.245,18.417,26,5.53,10.0,7.16,9.71
SYN1136,0.789,0,0.0,0.286,7,1.395,0.497,0.991,15,7.842,2.296,1.901,0.376,0.304,11.035,15,6.06,6.3,7.54,6.53
SYN1137,3.639,2,0.182,0.097,2,0.079,0.184,0.202,11,6.271,2.556,0.407,0.896,0.87,4.091,20,4.59,3.75,6.69,4.74
SYN1138,2.977,7,0.7,0.124,3,0.374,0.389,0.529,10,9.054,0.968,2.154,0.568,0.803,13.665,26,7.03,6.64,6.4,5.96
SYN1139,4.586,2,0.222,0.252,6,0.735,0.502,0.807,9,9.428,0.939,2.079,0.497,0.608,10.806,14,6.75,6.57,6.23,6.92
SYN1140,0.717,4,0.333,0.422,2,0.396,0.599,0.734,12,5.591,3.267,2.391,0.523,0.34,11.351,22,6.94,7.33,8.58,5.87
SYN1141,3.572,7,0.5,0.32,8,0.222,0.738,0.256,14,4.272,0.88,1.013,0.118,0.179,10.626,22,6.58,7.96,5.8,5.18
SYN1142,6.263,7,0.438,0.523,18,0.598,0.768,0.406,16,1.952,2.958,0.518,0.667,0.08,14.764,33,3.57,9.75,7.18,8.97
SYN1143,5.595,4,0.444,0.487,14,1.534,0.748,0.029,9,4.839,2.557,1.928,0.832,0.87,12.161,13,5.22,7.64,8.08,7.8
SYN1144,5.276,5,0.714,0.577,5,0.548,0.32,0.588,7,6.897,2.395,1.329,0.653,0.175,10.872,17,4.22,6.18,7.47,6.34
SYN1145,2.906,7,0.5,0.547,7,1.214,0.784,0.267,14,6.773,1.118,1.404,0.305,0.553,12.004,33,6.08,7.73,7.46,5.97
SYN1146,2.868,3,0.429,0.911,14,0.331,0.604,0.092,7,3.984,0.883,2.135,0.296,0.217,11.811,13,6.27,7.53,5.19,7.94
SYN1147,5.511,4,0.571,0.569,15,0.577,0.419,0.531,7,2.993,3.853,1.879,0.392,0.91,14.15,27,4.16,8.21,6.74,9.57
SYN1148,1.857,9,0.75,0.611,20,0.898,0.526,0.24,12,0.021,2.091,1.971,0.307,0.22,18.476,30,5.46,10.0,6.94,10.0
SYN1149,3.726,8,1.333,0.341,13,1.665,0.775,0.047,6,8.18,0.32,0.754,0.338,0.114,11.927,31,5.44,7.35,6.26,7.08
SYN1150,1.366,2,0.125,0.685,4,0.183,0.811,0.91,16,4.806,2.511,1.976,0.732,0.926,9.838,24,7.79,5.88,6.96,5.82
SYN1151,1.617,0,0.0,0.482,25,1.64,0.639,0.223,11,4.883,1.11,2.049,0.145,0.709,14.829,26,6.71,8.22,7.16,10.0
SYN1152,5.598,7,0.467,0.589,11,0.848,0.547,0.832,15,3.9,1.955,1.205,0.614,0.103,14.392,20,4.57,8.93,7.4,8.08
SYN1153,7.025,6,0.4,0.445,13,0.723,0.261,0.468,15,9.172,0.077,1.244,0.84,0.663,13.807,32,4.45,8.92,8.78,8.36
SYN1154,6.255,5,0.385,0.511,8,0.572,0.746,0.73,13,5.907,0.171,1.156,0.859,0.486,13.231,29,5.61,7.03,7.05,8.07
SYN1155,1.706,1,0.167,0.153,10,0.713,0.942,0.805,6,7.729,3.834,2.067,0.789,0.686,12.846,25,7.71,7.15,6.7,7.44
SYN1156,2.356,9,0.692,0.353,11,0.458,0.69,0.57,13,0.821,0.58,0.473,0.447,0.707,14.027,31,5.35,9.14,6.73,8.23
SYN1157,2.548,1,0.125,0.428,17,0.602,0.309,0.076,8,5.272,2.242,1.266,0.414,0.997,11.343,18,4.95,6.24,7.54,8.69
SYN1158,6.904,1,0.091,0.243,7,1.675,0.925,0.292,11,0.868,2.925,0.712,0.907,0.016,6.985,18,3.89,5.48,6.69,5.16
SYN1159,1.729,1,0.25,0.53,14,0.848,0.714,0.765,4,4.561,1.4,0.934,0.643,0.504,11.983,34,6.07,7.86,7.23,8.44
SYN1160,6.561,2,0.2,0.613,2,0.914,0.575,0.946,10,0.822,1.644,1.827,0.207,0.785,9.896,16,3.79,5.93,7.25,6.54
SYN1161,0.792,7,0.875,0.703,16,0.743,0.278,0.989,8,6.609,2.039,2.127,0.584,0.825,20.344,23,6.52,10.0,7.05,10.0
SYN1162,6.926,8,0.615,0.561,6,0.913,0.523,0.67,13,8.272,2.653,2.312,0.318,0.749,15.703,20,5.11,9.55,7.0,6.65
SYN1163,2.64,4,0.25,0.339,3,1.647,0.237,0.538,16,3.302,2.222,0.171,0.117,0.347,6.555,33,3.21,6.38,7.18,5.1
SYN1164,5.114,3,0.3,0.342,23,0.047,0.926,0.711,10,8.287,2.229,0.757,0.578,0.747,16.254,16,6.99,9.04,6.68,10.0
SYN1165,3.829,2,0.182,0.287,22,1.486,0.637,0.899,11,3.385,0.406,0.949,0.233,0.07,15.748,26,4.84,9.81,6.74,10.0
SYN1166,1.226,6,0.6,0.616,8,0.715,0.745,0.569,10,3.705,0.537,1.08,0.512,0.075,11.577,24,6.17,7.71,7.58,7.31
SYN1167,4.868,6,0.462,0.553,23,1.492,0.596,0.827,13,6.275,4.457,1.814,0.401,0.495,19.246,34,5.02,10.0,6.76,10.0
SYN1168,5.652,9,0.6,0.306,5,0.821,0.591,0.753,15,0.905,3.715,2.09,0.296,0.363,15.259,24,5.04,8.97,6.68,6.61
SYN1169,1.926,6,0.545,0.31,20,1.243,0.49,0.799,11,8.799,3.771,1.747,0.381,0.752,18.455,28,6.58,10.0,7.54,10.0
SYN1170,2.046,5,0.833,0.661,4,0.947,0.646,0.429,6,8.243,3.166,1.461,0.503,0.649,10.475,14,6.71,6.07,7.04,5.23
SYN1171,1.211,7,0.438,0.695,13,0.669,0.442,0.507,16,6.5,0.713,2.291,0.543,0.977,16.487,13,6.72,8.6,5.84,7.92
SYN1172,0.901,3,0.273,0.309,4,1.122,0.456,0.448,11,6.887,1.865,2.019,0.36,0.732,8.65,24,6.03,5.74,6.9,5.44
SYN1173,5.257,6,0.667,0.218,20,0.123,0.434,0.508,9,8.995,4.092,2.191,0.186,0.414,18.484,19,6.0,10.0,6.38,9.98
SYN1174,6.154,2,0.167,0.225,9,1.204,0.294,0.563,12,5.619,1.186,1.902,0.172,0.32,11.094,25,4.25,6.43,7.22,6.06
SYN1175,4.184,6,0.667,0.899,3,1.186,0.455,0.142,9,2.083,3.136,2.339,0.856,0.924,10.719,21,5.19,6.72,6.83,5.07
SYN1176,4.352,5,0.357,0.239,21,1.21,0.421,0.427,14,8.524,1.929,0.645,0.432,0.987,15.067,25,4.44,9.75,6.84,10.0
SYN1177,0.716,6,0.429,0.538,16,0.058,0.647,0.392,14,7.258,0.025,2.279,0.476,0.241,16.799,23,7.56,9.28,7.39,8.83
SYN1178,1.745,3,0.6,0.427,14,0.217,0.441,0.033,5,3.278,0.233,0.182,0.522,0.787,9.522,12,5.32,6.91,6.87,7.36
SYN1179,6.478,0,0.0,0.396,25,1.205,0.757,0.753,11,2.32,2.582,2.331,0.749,0.318,17.425,27,5.0,9.43,8.99,10.0
SYN1180,2.976,2,0.143,0.433,19,1.116,0.522,0.578,14,1.661,2.598,0.292,0.27,0.59,13.089,19,4.07,8.1,6.02,9.57
SYN1181,5.116,7,0.7,0.343,11,1.524,0.584,0.017,10,2.125,2.754,2.341,0.697,0.652,12.71,15,4.0,7.9,8.14,7.56
SYN1182,5.019,9,0.643,0.819,8,0.867,0.815,0.222,14,8.249,0.474,1.979,0.582,0.842,14.326,30,7.06,9.22,6.88,6.18
SYN1183,4.292,2,0.125,0.166,6,0.405,0.118,0.872,16,1.697,3.418,1.212,0.81,0.282,11.012,27,4.22,6.26,7.1,6.98
SYN1184,2.756,7,0.778,0.518,10,1.152,0.625,0.844,9,6.035,4.352,1.741,0.293,0.787,16.052,23,6.22,9.32,6.51,8.9
SYN1185,7.156,5,1.25,0.354,20,0.926,0.872,0.259,4,3.236,0.272,1.859,0.823,0.299,16.617,23,4.41,9.08,8.3,9.03
SYN1186,4.458,3,0.375,0.755,15,0.091,0.101,0.853,8,9.386,2.871,1.055,0.469,0.962,15.155,16,4.88,8.74,5.6,9.03
SYN1187,3.233,2,0.133,0.57,16,0.711,0.964,0.345,15,9.936,2.113,1.854,0.729,0.991,12.126,15,8.01,7.22,7.38,7.67
SYN1188,1.287,2,0.133,0.233,25,1.698,0.396,0.732,15,9.114,1.622,0.919,0.34,0.898,17.306,19,6.45,10.0,6.6,10.0
SYN1189,3.315,0,0.0,0.342,20,0.015,0.772,0.828,7,5.037,3.212,1.622,0.146,0.525,13.89,29,6.26,8.61,5.63,10.0
SYN1190,2.067,7,0.7,0.078,6,0.359,0.583,0.598,10,6.511,1.303,1.2,0.528,0.294,11.584,27,6.79,8.23,6.42,5.75
SYN1191,0.793,3,0.2,0.228,16,0.478,0.114,0.858,15,6.798,1.029,0.364,0.72,0.375,12.723,16,4.9,8.51,6.43,9.51
SYN1192,5.576,8,0.571,0.146,5,0.277,0.36,0.511,14,5.27,0.359,1.011,0.534,0.891,11.814,30,4.78,8.0,6.14,6.93
SYN1193,1.995,9,1.8,0.8,16,0.928,0.24,0.431,5,0.56,0.8,1.687,0.296,0.266,17.28,12,3.56,8.95,5.92,8.93
SYN1194,3.716,2,0.154,0.629,12,1.086,0.734,0.541,13,2.34,1.001,0.598,0.43,0.317,9.691,14,5.15,7.89,6.9,6.85
SYN1195,2.603,9,1.5,0.445,18,0.123,0.46,0.845,6,8.729,2.464,0.42,0.761,0.045,18.04,13,5.95,10.0,7.4,9.72
SYN1196,6.667,1,0.143,0.115,2,1.261,0.432,0.973,7,5.612,2.276,0.784,0.222,0.596,8.025,16,3.97,4.86,5.2,6.05
SYN1197,1.942,0,0.0,0.704,21,0.418,0.324,0.333,12,0.572,3.734,2.259,0.818,0.836,13.027,16,5.51,7.39,7.0,10.0
SYN1198,1.038,4,0.5,0.488,3,0.802,0.426,0.528,8,8.897,3.095,2.21,0.568,0.599,10.363,12,6.92,6.31,7.56,5.46
SYN1199,2.599,7,0.875,0.443,5,1.344,0.777,0.581,8,7.737,0.526,0.191,0.589,0.373,11.045,25,5.54,7.52,7.02,5.78
SYN1200,5.032,1,0.1,0.618,9,1.418,0.75,0.268,10,6.098,3.956,1.309,0.833,0.978,7.738,23,5.48,6.12,6.92,6.37
SYN1201,4.948,5,0.714,0.149,10,1.198,0.637,0.654,7,8.562,0.166,1.862,0.265,0.031,13.281,33,5.96,8.44,6.49,8.26
SYN1202,4.219,9,1.8,0.828,11,0.73,0.937,0.912,5,8.051,4.04,1.281,0.735,0.719,18.328,30,6.22,8.42,5.49,8.92
SYN1203,3.366,4,0.25,0.54,4,1.6,0.387,0.067,16,9.688,3.785,1.47,0.157,0.848,7.926,32,5.72,6.07,6.33,4.62
SYN1204,6.415,0,0.0,0.39,18,1.323,0.644,0.493,14,1.233,3.381,2.028,0.247,0.784,12.766,13,4.35,8.09,7.16,9.55
SYN1205,3.448,0,0.0,0.805,24,0.274,0.788,0.206,11,2.674,4.477,1.75,0.803,0.115,14.486,31,5.54,8.16,5.47,10.0
SYN1206,6.401,4,0.364,0.583,22,1.645,0.151,0.84,11,3.226,4.383,1.826,0.255,0.693,18.517,15,2.27,10.0,5.66,10.0
SYN1207,1.394,4,0.571,0.653,2,0.499,0.29,0.465,7,1.477,3.494,0.151,0.293,0.735,6.771,26,3.53,5.97,5.42,5.17
SYN1208,5.879,4,0.667,0.878,17,0.931,0.354,0.933,6,1.68,3.977,0.228,0.914,0.996,14.121,27,2.93,9.66,5.61,9.88
SYN1209,3.738,8,1.333,0.355,11,1.207,0.937,0.702,6,8.708,2.121,0.361,0.209,0.712,14.114,25,5.95,8.62,6.14,7.8
SYN1210,5.483,2,0.25,0.513,19,0.472,0.525,0.55,8,0.12,2.493,0.303,0.192,0.558,13.442,32,3.04,8.22,6.23,10.0
SYN1211,3.357,5,1.0,0.663,9,0.492,0.152,0.546,5,4.34,0.78,2.251,0.614,0.648,13.326,23,5.28,7.33,7.56,6.09
SYN1212,6.372,7,0.467,0.514,7,0.114,0.561,0.53,15,0.199,0.298,2.386,0.701,0.763,14.238,33,4.33,8.5,8.8,6.55
SYN1213,3.505,5,0.714,0.13,25,0.764,0.809,0.168,7,7.205,0.325,1.406,0.37,0.658,16.356,21,5.89,9.72,6.59,10.0
SYN1214,5.466,1,0.062,0.495,20,0.425,0.963,0.806,16,6.08,0.054,2.069,0.759,0.839,15.537,13,6.03,8.46,7.67,9.92
SYN1215,2.904,3,0.333,0.508,21,0.313,0.692,0.415,9,3.035,0.099,0.458,0.655,0.422,13.078,28,5.96,9.33,7.08,9.51
SYN1216,4.104,3,0.3,0.286,23,1.231,0.684,0.149,10,2.447,0.356,2.048,0.545,0.759,15.397,27,5.74,8.08,7.0,10.0
SYN1217,2.555,9,0.692,0.543,22,1.281,0.53,0.706,13,5.635,1.453,1.937,0.464,0.148,21.127,29,6.22,10.0,7.63,10.0
SYN1218,1.342,3,0.214,0.697,13,0.202,0.823,0.036,14,2.192,1.221,1.985,0.325,0.353,11.369,28,7.19,7.09,6.14,7.24
SYN1219,3.176,3,0.5,0.451,15,0.741,0.344,0.174,6,3.405,4.076,0.426,0.243,0.965,10.566,27,4.45,6.51,6.39,8.04
SYN1220,6.583,2,0.167,0.095,1,0.715,0.67,0.286,12,4.548,3.496,1.651,0.577,0.743,5.868,19,4.77,4.2,5.1,3.91
SYN1221,5.565,7,0.538,0.594,24,0.437,0.393,0.098,13,6.619,0.277,0.153,0.236,0.173,14.7,14,4.04,9.95,5.91,9.35
SYN1222,5.594,3,0.429,0.803,7,1.006,0.275,0.77,7,4.56,1.135,1.153,0.75,0.526,10.481,14,4.6,7.49,5.82,6.65
SYN1223,0.926,6,0.857,0.549,16,0.921,0.407,0.462,7,9.002,2.816,2.14,0.602,0.311,17.087,13,7.55,8.7,8.38,8.79
SYN1224,5.136,2,0.167,0.323,11,0.528,0.201,0.592,12,2.898,3.358,1.151,0.841,0.57,11.525,18,3.49,6.17,7.44,7.79
SYN1225,4.432,9,0.6,0.262,15,0.294,0.759,0.487,15,4.225,1.805,0.593,0.624,0.465,15.124,27,4.85,9.94,6.93,7.94
SYN1226,0.832,8,0.533,0.234,22,0.708,0.58,0.586,15,1.077,3.902,1.876,0.743,0.697,20.711,12,5.69,10.0,6.62,10.0
SYN1227,2.995,7,1.167,0.358,21,0.498,0.78,0.853,6,9.499,1.554,1.177,0.686,0.217,20.23,18,7.26,10.0,7.41,10.0
SYN1228,3.125,7,0.5,0.608,5,0.66,0.531,0.438,14,0.922,0.005,2.203,0.172,0.03,13.679,14,6.53,7.14,6.38,5.29
SYN1229,2.417,6,0.6,0.693,22,0.464,0.655,0.29,10,2.303,1.755,1.276,0.582,0.348,16.126,30,5.52,10.0,6.24,10.0
SYN1230,5.43,6,0.545,0.318,3,1.268,0.535,0.298,11,4.613,1.737,2.281,0.567,0.698,11.748,18,4.54,6.06,7.56,6.03
SYN1231,3.267,7,0.778,0.58,2,0.991,0.338,0.401,9,9.988,0.277,1.036,0.76,0.359,9.068,20,6.26,6.77,8.08,3.61
SYN1232,5.964,0,0.0,0.88,12,1.301,0.626,0.365,8,1.601,4.149,2.145,0.649,0.441,10.342,13,3.79,6.41,5.16,6.85
SYN1233,0.94,1,0.167,0.645,4,0.554,0.446,0.05,6,1.273,1.113,1.896,0.491,0.421,5.619,19,5.2,4.5,6.78,4.16
SYN1234,3.948,1,0.067,0.563,23,1.063,0.599,0.085,15,4.357,4.445,0.97,0.744,0.883,12.772,22,3.96,7.73,7.37,9.48
SYN1235,1.967,2,0.125,0.182,8,1.356,0.498,0.894,16,3.507,4.075,1.61,0.476,0.85,11.707,25,4.96,7.39,6.76,7.72
SYN1236,6.53,3,0.6,0.824,12,1.234,0.271,0.936,5,3.506,0.115,1.675,0.986,0.556,14.601,25,2.85,8.27,7.12,8.66
SYN1237,3.529,9,1.286,0.329,13,0.33,0.581,0.936,7,2.34,3.678,1.146,0.818,0.577,18.784,16,5.32,8.73,6.11,9.88
SYN1238,3.963,9,1.8,0.4,21,0.848,0.57,0.6,5,0.087,4.087,0.159,0.911,0.909,18.279,17,3.11,9.63,7.44,10.0
SYN1239,2.236,6,0.6,0.054,4,1.031,0.301,0.389,10,3.648,2.763,1.602,0.339,0.596,11.253,32,5.29,6.52,5.75,6.35
SYN1240,4.678,4,0.5,0.299,14,0.413,0.616,0.483,8,2.37,2.881,0.329,0.393,0.902,10.802,31,4.9,8.23,5.71,8.16
SYN1241,2.859,7,0.538,0.63,11,0.487,0.755,0.284,13,3.225,2.553,1.436,0.543,0.658,14.34,15,6.35,8.47,7.0,8.63
SYN1242,6.617,6,0.667,0.197,12,1.041,0.329,0.02,9,3.96,3.647,1.283,0.451,0.504,12.66,16,3.49,6.94,6.6,6.94
SYN1243,6.806,3,0.75,0.681,17,1.232,0.814,0.657,4,9.958,2.265,0.883,0.696,0.704,13.965,17,6.43,8.08,6.49,8.31
SYN1244,5.513,1,0.25,0.786,15,0.879,0.926,0.671,4,7.378,1.914,0.422,0.463,0.957,11.932,26,6.08,8.19,5.63,9.32
SYN1245,6.415,8,0.727,0.483,16,0.56,0.683,0.619,11,4.772,1.968,0.638,0.42,0.974,16.005,18,4.86,9.73,6.76,9.87
SYN1246,5.767,8,1.6,0.352,6,0.822,0.22,0.112,5,9.785,3.263,0.534,0.245,0.886,10.666,30,5.51,6.34,6.02,5.93
SYN1247,3.352,4,0.286,0.574,14,0.753,0.499,0.934,14,4.748,1.671,2.252,0.731,0.791,16.06,12,5.55,9.76,7.08,8.78
SYN1248,3.829,2,0.222,0.163,20,1.254,0.571,0.325,9,4.476,0.951,1.24,0.432,0.526,12.561,15,5.29,8.19,5.65,10.0
SYN1249,5.478,4,0.308,0.816,14,1.303,0.763,0.356,13,0.421,3.923,0.852,0.478,0.13,11.944,24,3.97,7.39,4.91,6.68
SYN1250,3.199,9,0.562,0.402,23,1.449,0.928,0.789,16,3.937,2.531,1.058,0.654,0.51,21.577,27,6.35,10.0,7.45,10.0
SYN1251,5.661,4,0.286,0.495,20,1.072,0.808,0.77,14,7.296,1.169,0.626,0.037,0.868,15.769,25,5.02,9.73,6.31,10.0
SYN1252,5.168,6,1.2,0.682,1,1.619,0.633,0.533,5,5.61,1.003,0.19,0.694,0.055,7.942,22,4.01,6.02,6.82,4.16
SYN1253,2.206,2,0.222,0.342,15,0.671,0.775,0.746,9,5.844,1.391,0.78,0.85,0.496,13.455,13,6.6,7.81,8.16,8.69
SYN1254,2.423,4,0.364,0.578,25,0.178,0.384,0.6,11,7.916,3.323,0.793,0.788,0.463,16.107,31,5.22,10.0,7.35,10.0
SYN1255,5.969,3,0.273,0.421,6,1.388,0.787,0.27,11,7.968,1.959,0.429,0.566,0.086,6.592,25,4.8,4.71,7.24,5.3
SYN1256,1.499,5,0.556,0.778,12,1.314,0.5,0.905,9,6.472,2.365,0.537,0.155,0.212,13.831,15,5.44,8.41,5.16,8.52
SYN1257,2.308,2,0.2,0.164,14,1.5,0.479,0.635,10,2.929,1.732,2.331,0.735,0.976,13.52,31,4.67,7.13,7.25,9.52
SYN1258,4.842,7,1.167,0.622,20,1.639,0.151,0.898,6,6.462,0.942,0.57,0.546,0.45,17.159,19,3.02,10.0,6.02,10.0
SYN1259,1.931,1,0.071,0.372,13,0.475,0.261,0.222,14,5.285,3.119,2.208,0.797,0.276,11.832,19,5.47,6.24,8.26,7.66
SYN1260,2.391,1,0.111,0.429,1,0.85,0.573,0.41,9,9.889,0.786,0.473,0.239,0.105,5.232,34,7.07,5.23,6.16,4.06
SYN1261,6.828,3,0.333,0.401,2,0.132,0.702,0.709,9,8.843,0.289,1.42,0.791,0.531,8.888,23,6.61,5.99,7.58,5.28
SYN1262,3.244,2,0.4,0.515,2,0.893,0.908,0.603,5,9.541,0.118,0.267,0.799,0.04,5.109,17,7.76,4.86,6.65,4.28
SYN1263,2.821,7,0.538,0.476,8,0.286,0.525,0.596,13,8.262,0.778,1.444,0.862,0.853,13.157,33,7.62,8.03,6.97,7.29
SYN1264,2.596,1,0.083,0.571,18,0.089,0.738,0.599,12,5.232,2.151,0.938,0.598,0.014,13.095,26,7.14,7.77,7.3,9.3
SYN1265,3.585,2,0.4,0.696,19,1.201,0.501,0.421,5,0.184,0.219,0.853,0.097,0.919,12.387,12,4.03,7.67,6.67,9.68
SYN1266,3.191,9,1.286,0.281,13,1.424,0.386,0.105,7,0.638,0.386,1.16,0.703,0.25,14.157,15,3.19,7.87,6.65,7.84
SYN1267,4.587,0,0.0,0.764,8,1.084,0.548,0.087,4,7.998,1.074,0.56,0.765,0.806,6.385,24,4.9,4.7,5.92,5.93
SYN1268,3.452,2,0.25,0.592,15,0.489,0.726,0.337,8,1.512,3.21,2.093,0.361,0.678,12.42,24,6.14,7.31,5.85,8.65
SYN1269,4.759,8,0.615,0.783,4,0.539,0.732,0.806,13,3.118,1.639,0.837,0.181,0.444,13.791,27,5.75,7.76,5.48,6.93
SYN1270,6.693,6,0.6,0.51,1,0.326,0.833,0.037,10,1.035,0.566,0.63,0.283,0.03,6.218,22,3.8,5.6,7.21,3.02
SYN1271,0.779,1,0.077,0.135,11,0.494,0.741,0.438,13,8.199,0.668,0.805,0.473,0.173,10.04,34,7.56,6.28,6.69,7.63
SYN1272,3.775,4,0.286,0.545,5,0.216,0.663,0.797,14,4.227,2.3,1.051,0.698,0.613,10.148,34,5.38,7.05,8.04,6.62
SYN1273,2.563,4,0.444,0.564,9,0.987,0.29,0.288,9,0.961,3.967,1.221,0.728,0.946,10.456,33,4.36,6.99,6.07,7.18
SYN1274,5.571,7,0.467,0.254,1,0.466,0.784,0.498,15,2.381,3.16,0.985,0.559,0.759,9.9,15,4.55,6.3,5.88,5.57
SYN1275,3.058,3,0.6,0.579,2,0.432,0.078,0.748,5,5.183,2.796,1.403,0.957,0.169,8.153,33,4.88,5.73,6.91,5.81
SYN1276,1.696,1,0.083,0.4,13,1.609,0.619,0.077,12,9.399,0.427,1.493,0.32,0.789,8.593,27,5.7,5.91,6.74,6.77
SYN1277,4.163,0,0.0,0.392,19,0.565,0.194,0.21,10,9.556,0.834,1.028,0.308,0.214,11.517,25,5.52,7.28,6.71,8.86
SYN1278,6.972,1,0.143,0.284,5,0.343,0.653,0.908,7,1.012,4.032,1.775,0.437,0.896,9.65,23,3.8,5.49,6.01,6.17
SYN1279,1.633,0,0.0,0.306,11,0.385,0.463,0.575,14,3.589,3.818,1.689,0.598,0.182,9.592,30,5.7,6.33,6.17,7.01
SYN1280,3.445,1,0.167,0.618,21,0.125,0.942,0.373,6,7.649,0.2,2.104,0.275,0.877,13.778,16,7.98,7.91,6.92,10.0
SYN1281,0.917,7,0.438,0.149,16,0.101,0.671,0.831,16,1.048,2.16,2.364,0.517,0.225,20.189,25,7.1,9.83,6.93,10.0
SYN1282,1.052,0,0.0,0.386,15,1.432,0.437,0.804,13,5.403,0.888,1.585,0.876,0.209,11.589,20,5.34,7.0,7.73,9.19
SYN1283,2.706,7,0.636,0.453,17,0.882,0.744,0.124,11,5.112,3.005,1.975,0.564,0.806,15.143,29,6.4,9.89,8.55,8.81
SYN1284,6.95,8,0.727,0.858,25,0.501,0.88,0.381,11,4.161,4.013,0.287,0.701,0.987,18.712,34,4.57,10.0,5.63,10.0
SYN1285,5.533,0,0.0,0.588,22,0.097,0.482,0.414,13,8.108,2.613,2.128,0.459,0.27,15.433,21,6.55,8.55,7.16,10.0
SYN1286,1.658,5,1.25,0.433,20,0.041,0.469,0.624,4,1.196,0.109,1.163,0.2,0.477,17.253,31,5.81,9.15,6.78,9.78
SYN1287,0.773,8,1.6,0.351,18,1.461,0.426,0.729,5,2.635,4.482,0.226,0.767,0.37,17.36,22,3.42,9.85,6.31,10.0
SYN1288,1.833,1,0.067,0.519,22,0.413,0.338,0.033,15,7.377,2.425,1.022,0.282,0.272,11.685,21,6.02,7.65,6.99,9.39
SYN1289,2.61,0,0.0,0.669,13,0.898,0.383,0.17,8,4.063,1.269,2.164,0.714,0.316,9.829,14,6.06,5.76,7.05,6.44
SYN1290,5.5,1,0.083,0.47,12,0.301,0.542,0.33,12,0.225,1.081,0.911,0.122,0.433,8.616,27,4.65,5.14,6.29,6.18
SYN1291,6.021,1,0.071,0.233,23,0.421,0.899,0.963,14,0.996,2.295,2.221,0.549,0.644,18.151,17,5.41,10.0,7.64,10.0
SYN1292,1.904,1,0.2,0.483,9,1.601,0.668,0.817,5,1.571,2.602,1.833,0.303,0.834,12.438,30,5.34,6.7,8.05,7.78
SYN1293,3.199,8,1.0,0.424,16,0.952,0.785,0.639,8,8.055,1.881,0.723,0.607,0.248,17.333,23,6.48,10.0,7.09,9.27
SYN1294,1.524,8,0.615,0.282,23,1.616,0.914,0.19,13,3.648,1.712,0.72,0.38,0.435,17.493,12,5.37,10.0,6.45,10.0
SYN1295,4.439,0,0.0,0.292,24,1.005,0.666,0.856,14,7.851,2.149,1.233,0.202,0.018,14.753,23,6.17,8.93,6.33,10.0
SYN1296,5.798,9,0.75,0.616,21,0.368,0.528,0.71,12,6.545,1.757,2.025,0.815,0.271,20.704,34,6.0,10.0,8.59,10.0
SYN1297,6.888,0,0.0,0.387,5,0.807,0.33,0.645,14,4.264,1.814,0.678,0.76,0.681,6.3,29,3.76,5.9,6.63,5.16
SYN1298,7.123,3,0.2,0.411,4,0.735,0.243,0.256,15,2.782,0.478,2.386,0.83,0.68,9.554,12,4.12,4.96,8.41,4.69
SYN1299,1.844,0,0.0,0.454,2,0.817,0.589,0.524,5,1.967,3.394,1.836,0.895,0.48,6.225,25,4.98,3.93,8.02,4.16
SYN1300,2.529,8,2.0,0.182,20,1.042,0.284,0.901,4,0.394,0.307,0.391,0.261,0.435,18.357,23,3.61,9.58,6.26,10.0
SYN1301,6.072,9,0.6,0.569,19,0.431,0.546,0.676,15,7.21,1.608,2.089,0.783,0.72,20.024,32,5.01,10.0,8.08,10.0
SYN1302,6.006,2,0.182,0.304,19,0.347,0.704,0.353,11,1.579,1.996,1.514,0.328,0.703,12.915,26,5.42,9.03,6.64,8.71
SYN1303,3.868,3,0.2,0.448,20,0.135,0.411,0.488,15,2.571,3.548,1.013,0.948,0.872,14.995,31,4.2,9.41,7.8,9.94
SYN1304,6.127,4,0.8,0.856,5,0.031,0.256,0.249,5,6.885,2.054,2.374,0.317,0.62,9.795,23,5.32,6.04,6.13,5.69
SYN1305,1.11,1,0.25,0.728,15,1.434,0.819,0.066,4,6.641,2.075,1.426,0.317,0.802,11.014,12,6.91,6.73,7.75,7.19
SYN1306,6.225,7,1.0,0.404,22,0.075,0.926,0.289,7,1.718,0.704,2.011,0.466,0.416,17.949,24,5.25,10.0,6.69,9.87
SYN1307,1.045,5,1.0,0.219,3,0.109,0.716,0.894,5,7.464,4.152,1.742,0.885,0.482,12.329,18,7.83,5.93,6.6,7.18
SYN1308,5.618,7,0.538,0.536,11,0.639,0.596,0.757,13,3.868,3.945,1.642,0.871,0.492,16.598,15,4.7,9.06,7.42,8.1
SYN1309,1.453,8,0.667,0.165,11,0.602,0.626,0.381,12,9.575,3.994,0.741,0.27,0.924,14.176,24,6.21,8.97,5.2,7.77
SYN1310,2.953,0,0.0,0.414,14,1.665,0.295,0.116,5,1.499,4.079,0.163,0.665,0.902,6.536,23,2.55,5.55,7.25,7.08
SYN1311,4.929,7,0.7,0.779,15,1.332,0.48,0.688,10,8.707,1.565,2.313,0.979,0.913,18.177,17,4.55,9.91,6.88,10.0
SYN1312,4.142,6,0.545,0.506,3,1.027,0.332,0.586,11,1.173,0.924,2.289,0.671,0.177,12.034,27,3.98,7.02,8.46,5.12
SYN1313,7.024,0,0.0,0.531,10,1.17,0.581,0.989,12,5.395,0.408,1.66,0.512,0.015,11.674,13,4.71,7.15,6.91,6.87
SYN1314,6.224,2,0.133,0.1,8,1.533,0.514,0.983,15,4.059,3.623,0.931,0.622,0.987,10.257,23,3.46,7.9,5.43,7.64
SYN1315,1.638,0,0.0,0.368,18,1.69,0.407,0.819,13,8.224,4.077,2.09,0.293,0.636,14.047,15,5.97,6.53,6.46,9.7
SYN1316,2.797,4,0.333,0.239,8,1.623,0.928,0.313,12,6.501,1.863,1.745,0.519,0.384,11.016,33,6.58,7.24,6.98,5.79
SYN1317,3.739,9,2.25,0.415,2,0.447,0.125,0.849,4,4.255,1.657,2.395,0.264,0.795,16.192,15,5.45,5.9,8.57,6.0
SYN1318,2.835,7,1.0,0.675,11,1.333,0.417,0.361,7,3.196,1.664,0.276,0.358,0.438,12.133,33,4.06,7.03,6.44,7.24
SYN1319,2.054,9,0.6,0.517,1,0.61,0.577,0.936,15,0.032,1.162,2.231,0.417,0.213,15.723,16,4.87,8.73,8.05,6.42
SYN1320,4.351,9,1.125,0.416,12,0.303,0.611,0.439,8,1.487,3.732,2.057,0.16,0.137,16.478,14,4.31,8.61,6.61,8.06
SYN1321,1.933,4,0.571,0.467,9,0.634,0.613,0.584,7,9.922,4.123,1.008,0.308,0.877,11.903,19,7.58,7.23,6.66,7.4
SYN1322,1.712,3,0.429,0.659,4,1.124,0.624,0.714,7,1.536,0.073,0.163,0.829,0.5,7.2,13,4.57,5.41,6.05,5.6
SYN1323,3.42,6,0.857,0.603,7,0.901,0.886,0.564,7,0.295,2.739,2.385,0.562,0.467,13.025,34,6.04,7.35,7.94,6.62
SYN1324,4.765,6,0.857,0.351,14,0.926,0.679,0.399,7,7.927,3.064,1.328,0.56,0.323,15.231,25,5.7,8.52,6.81,8.35
SYN1325,4.803,1,0.071,0.694,2,0.903,0.369,0.346,14,7.254,1.158,1.344,0.661,0.247,5.49,22,4.02,4.05,5.99,4.24
SYN1326,1.581,0,0.0,0.246,24,0.706,0.194,0.635,6,3.037,2.882,1.345,0.833,0.776,15.358,19,4.64,8.88,6.93,10.0
SYN1327,4.129,0,0.0,0.631,8,1.074,0.676,0.97,8,8.407,3.009,1.022,0.244,0.252,9.079,15,5.34,6.12,5.45,7.23
SYN1328,0.954,9,0.818,0.415,15,0.885,0.767,0.406,11,3.862,0.526,1.533,0.79,0.664,16.666,20,6.21,10.0,7.63,9.11
SYN1329,1.861,9,2.25,0.454,25,0.442,0.286,0.557,4,6.709,2.365,2.375,0.358,0.606,22.561,16,5.93,10.0,7.29,10.0
SYN1330,3.438,9,0.9,0.922,12,0.845,0.549,0.305,10,7.72,0.724,0.478,0.417,0.855,14.259,13,5.12,8.73,4.93,8.74
SYN1331,4.383,1,0.25,0.183,19,1.484,0.838,0.519,4,2.688,1.801,1.623,0.519,0.156,14.343,32,4.74,8.92,7.07,10.0
SYN1332,4.275,8,0.727,0.856,7,0.268,0.302,0.57,11,1.06,3.373,0.283,0.814,0.213,13.087,12,3.21,8.01,6.02,6.27
SYN1333,1.845,7,0.7,0.475,11,0.238,0.625,0.973,10,2.844,3.999,1.662,0.451,0.374,16.92,23,6.37,10.0,7.58,8.28
SYN1334,5.388,5,0.556,0.536,24,0.318,0.538,0.962,9,9.644,3.32,2.041,0.498,0.246,21.848,16,6.03,10.0,7.13,10.0
SYN1335,5.734,3,0.429,0.597,22,0.776,0.536,0.282,7,7.074,1.327,2.078,0.676,0.393,15.364,31,4.78,9.11,7.69,9.34
SYN1336,2.072,4,0.8,0.538,22,1.48,0.179,0.984,5,6.136,0.743,1.432,0.462,0.127,18.223,23,5.31,10.0,7.38,10.0
SYN1337,6.333,2,0.25,0.57,19,0.974,0.132,0.229,8,6.785,1.578,1.003,0.759,0.692,12.217,12,3.03,8.2,7.96,9.61
SYN1338,4.541,9,0.643,0.386,21,1.558,0.634,0.691,14,8.327,0.702,0.518,0.802,0.152,20.098,28,5.35,10.0,7.49,9.58
SYN1339,3.984,3,0.188,0.397,24,0.034,0.413,0.405,16,9.317,3.212,2.115,0.972,0.606,16.209,27,7.31,9.72,8.86,10.0
SYN1340,4.865,7,0.538,0.524,7,0.661,0.824,0.108,13,6.789,2.638,1.666,0.469,0.4,10.836,31,6.81,7.38,7.5,5.47
SYN1341,4.621,9,1.0,0.299,24,1.69,0.389,0.774,9,0.712,2.993,1.593,0.249,0.859,21.895,32,3.53,10.0,6.66,10.0
SYN1342,0.982,7,0.583,0.294,17,1.14,0.891,0.326,12,5.127,2.933,2.118,0.757,0.556,17.3,33,7.76,10.0,7.82,9.19
SYN1343,6.177,6,0.375,0.286,11,0.331,0.506,0.793,16,5.391,0.603,1.627,0.715,0.861,14.811,32,4.42,8.33,7.47,7.86
SYN1344,4.369,4,0.444,0.331,1,1.642,0.433,0.229,9,6.362,2.376,0.162,0.79,0.35,5.807,15,4.2,3.91,7.44,4.01
SYN1345,3.644,0,0.0,0.52,14,0.73,0.63,0.969,11,7.199,0.246,0.758,0.283,0.454,12.054,26,5.2,8.04,7.26,8.2
SYN1346,3.266,7,1.0,0.619,3,1.3,0.321,0.241,7,0.545,3.525,2.155,0.776,0.636,12.185,15,4.59,5.41,6.77,5.91
SYN1347,6.533,3,0.188,0.081,21,1.515,0.858,0.649,16,1.114,3.904,1.228,0.844,0.87,14.775,30,3.87,9.38,5.1,10.0
SYN1348,4.859,7,0.636,0.779,10,0.701,0.236,0.461,11,6.159,3.723,2.092,0.3,0.67,14.852,28,4.63,9.16,6.22,7.04
SYN1349,6.591,2,0.25,0.584,24,0.666,0.695,0.502,8,9.388,1.054,2.114,0.663,0.59,16.58,15,6.37,9.09,7.62,10.0
SYN1350,3.2,2,0.133,0.654,24,0.887,0.419,0.643,15,8.325,3.65,0.418,0.525,0.664,15.569,33,5.99,10.0,5.71,10.0
SYN1351,7.092,1,0.062,0.581,23,0.41,0.963,0.594,16,3.039,3.301,0.783,0.289,0.329,14.44,19,4.07,8.09,5.64,10.0
SYN1352,1.305,1,0.077,0.89,14,1.627,0.171,0.389,13,1.028,3.417,1.691,0.515,0.678,10.751,32,3.21,6.87,4.97,7.65
SYN1353,5.261,2,0.25,0.229,14,0.303,0.48,0.419,8,6.453,0.452,0.759,0.497,0.136,11.513,24,5.09,7.61,6.2,7.6
SYN1354,1.642,7,0.467,0.297,6,0.399,0.722,0.278,15,5.382,0.818,0.692,0.72,0.477,10.71,15,6.27,6.95,7.26,5.59
SYN1355,4.247,5,0.556,0.566,4,0.787,0.922,0.22,9,2.788,1.13,0.476,0.471,0.576,7.609,25,5.22,6.07,6.78,5.13
SYN1356,0.824,6,0.4,0.217,2,1.698,0.396,0.476,15,6.787,0.717,1.003,0.498,0.189,10.075,26,5.97,6.69,6.45,3.95
SYN1357,3.048,8,0.727,0.596,18,0.226,0.491,0.664,11,9.72,4.471,0.99,0.474,0.905,17.342,26,5.93,10.0,5.64,10.0
SYN1358,4.011,6,0.857,0.514,23,1.651,0.458,0.739,7,0.753,0.791,0.488,0.508,0.195,18.195,24,3.06,10.0,7.45,10.0
SYN1359,6.724,2,0.333,0.37,9,1.15,0.839,0.448,6,5.59,3.971,0.996,0.525,0.074,10.288,33,4.78,6.08,6.55,5.68
SYN1360,1.159,2,0.154,0.891,16,0.862,0.715,0.012,13,3.766,1.499,2.295,0.78,0.581,12.323,14,7.08,7.4,5.9,7.86
SYN1361,4.486,0,0.0,0.473,1,0.783,0.515,0.973,14,5.113,2.284,0.901,0.717,0.209,7.65,16,5.01,3.92,8.0,5.87
SYN1362,5.341,7,0.636,0.465,17,0.093,0.598,0.771,11,9.834,2.565,1.248,0.872,0.759,16.543,28,6.74,9.87,7.29,10.0
SYN1363,5.337,3,0.6,0.299,10,0.659,0.609,0.489,5,1.133,3.539,0.188,0.604,0.526,9.449,14,2.94,6.69,6.52,7.39
SYN1364,0.858,4,0.8,0.437,3,0.94,0.695,0.043,5,9.736,3.715,1.184,0.727,0.867,6.27,18,7.23,4.91,7.49,4.86
SYN1365,0.908,0,0.0,0.349,10,0.008,0.821,0.865,13,2.362,1.813,2.255,0.766,0.282,10.922,34,6.94,6.18,7.02,7.92
SYN1366,2.031,5,0.714,0.755,23,0.319,0.797,0.576,7,3.779,0.538,0.7,0.302,0.658,15.774,24,6.12,10.0,6.17,10.0
SYN1367,6.79,2,0.25,0.274,14,0.705,0.615,0.661,8,5.175,4.287,1.231,0.302,0.019,11.368,29,4.19,8.01,5.75,7.56
SYN1368,0.985,4,0.4,0.616,1,0.383,0.524,0.726,10,9.506,1.748,1.822,0.617,0.915,9.009,18,7.8,6.21,7.44,5.21
SYN1369,4.095,9,2.25,0.38,25,0.593,0.61,0.648,4,6.619,3.031,2.192,0.789,0.431,22.745,32,5.65,9.98,6.64,10.0
SYN1370,0.766,0,0.0,0.932,22,0.577,0.587,0.785,8,7.226,3.198,1.829,0.362,0.297,15.678,23,7.84,8.75,5.61,10.0
SYN1371,4.712,0,0.0,0.618,14,1.549,0.32,0.203,10,6.292,0.171,1.912,0.296,0.645,9.297,34,4.22,6.23,7.71,7.83
SYN1372,3.419,7,0.875,0.511,7,1.123,0.61,0.994,8,5.46,4.084,0.929,0.507,0.771,13.718,17,4.57,8.26,6.42,7.38
SYN1373,6.211,6,0.462,0.404,18,0.278,0.854,0.781,13,9.425,1.282,0.775,0.5,0.555,16.265,17,6.25,10.0,7.1,10.0
SYN1374,5.54,1,0.071,0.794,19,0.987,0.88,0.884,14,5.146,0.539,0.475,0.431,0.322,13.079,12,5.06,9.63,5.3,9.44
SYN1375,5.648,5,0.385,0.458,17,0.06,0.692,1.0,13,0.427,3.874,0.588,0.772,0.227,17.025,21,4.8,10.0,6.81,9.72
SYN1376,3.312,2,0.133,0.494,16,0.499,0.842,0.798,15,4.708,2.485,0.837,0.211,0.373,13.177,31,5.71,9.22,6.35,8.82
SYN1377,1.87,6,0.857,0.463,8,0.831,0.161,0.667,7,0.403,1.841,1.871,0.525,0.021,13.834,28,4.14,7.56,8.56,6.51
SYN1378,3.586,8,1.6,0.876,24,1.066,0.971,0.186,5,2.377,3.372,1.143,0.818,0.995,17.64,14,5.87,10.0,5.6,10.0
SYN1379,3.543,8,1.333,0.307,13,1.573,0.535,0.886,6,7.501,3.298,0.852,0.459,0.903,17.717,14,4.6,8.56,6.04,9.46
SYN1380,1.845,6,0.857,0.885,17,1.51,0.841,0.668,7,4.739,3.311,2.153,0.943,0.047,18.186,20,6.95,9.33,5.83,9.0
SYN1381,5.061,4,0.5,0.48,7,0.446,0.294,0.764,8,4.339,0.907,0.739,0.697,0.134,10.111,18,2.63,6.91,7.42,6.45
SYN1382,2.19,8,0.5,0.823,10,0.833,0.449,0.974,16,5.55,0.431,2.125,0.223,0.781,16.905,14,5.52,10.0,5.8,8.41
SYN1383,5.174,8,1.143,0.234,14,0.087,0.781,0.759,7,4.551,0.06,1.3,0.444,0.691,16.61,28,6.24,9.64,7.19,9.4
SYN1384,3.413,8,1.6,0.413,8,1.023,0.55,0.996,5,7.771,4.017,2.322,0.63,0.274,17.565,19,5.94,7.99,7.63,7.23
SYN1385,5.439,3,0.188,0.23,14,0.169,0.453,0.788,16,7.524,1.04,0.267,0.942,0.279,12.211,14,4.76,9.54,7.12,8.05
SYN1386,7.17,4,0.5,0.486,15,0.523,0.269,0.975,8,4.257,0.316,2.235,0.91,0.758,17.292,32,3.87,8.67,8.19,9.51
SYN1387,4.399,9,2.25,0.552,19,0.933,0.691,0.244,4,2.466,3.336,2.024,0.678,0.482,18.672,28,5.03,8.62,6.44,8.95
SYN1388,3.983,6,1.2,0.324,7,0.748,0.397,0.038,5,1.305,1.201,0.16,0.455,0.121,8.314,28,3.72,6.23,7.07,4.84
SYN1389,6.634,6,0.375,0.489,10,0.004,0.544,0.304,16,4.908,0.405,0.503,0.673,0.12,11.184,15,4.06,7.31,7.3,6.49
SYN1390,3.924,8,1.143,0.809,10,0.055,0.609,0.902,7,0.66,4.232,0.99,0.59,0.635,15.895,12,4.35,8.25,5.11,7.62
SYN1391,5.797,6,1.5,0.272,10,0.197,0.229,0.879,4,8.041,3.877,1.635,0.417,0.693,14.79,34,4.53,8.06,6.35,8.04
SYN1392,1.25,3,0.429,0.442,15,0.558,0.639,0.385,7,1.905,3.487,0.556,0.074,0.588,11.081,13,4.62,7.38,7.16,7.93
SYN1393,1.45,7,0.438,0.492,1,0.328,0.841,0.39,16,9.078,3.959,2.1,0.81,0.607,12.002,31,7.99,6.52,7.92,5.92
SYN1394,5.162,1,0.062,0.212,15,1.031,0.634,0.387,16,8.519,3.401,1.242,0.704,0.975,10.861,14,5.3,6.56,6.67,8.52
SYN1395,1.344,6,0.545,0.287,21,0.343,0.48,0.479,11,4.679,2.652,1.211,0.871,0.334,17.482,17,5.54,10.0,6.86,9.45
SYN1396,2.022,8,1.333,0.46,4,0.4,0.336,0.841,6,6.043,2.624,1.506,0.071,0.913,15.082,21,6.49,8.06,6.94,6.95
SYN1397,5.411,9,1.125,0.372,9,0.317,0.34,0.151,8,5.607,0.287,1.504,0.637,0.905,13.614,14,5.12,7.65,7.74,7.1
SYN1398,5.886,3,0.273,0.602,20,1.036,0.288,0.535,11,4.803,0.002,1.769,0.411,0.215,16.366,32,4.26,9.51,7.5,9.97
SYN1399,4.678,7,0.467,0.457,3,1.297,0.549,0.406,15,4.396,3.444,1.337,0.106,0.392,11.491,15,4.56,8.32,7.27,5.79
